"Species","Year","q05","q50","mean","q95"
"ARTE",1950,6636.9297149259,41002.5561886249,10346144.3190652,4820776.72142026
"ARTE",1951,6882.59190674471,40114.1108939053,6953137.7850891,4307290.49966607
"ARTE",1952,7042.46076906065,39563.7277941034,4759040.39432867,3831292.6348395
"ARTE",1953,7210.47849273786,39019.8642308517,3316020.81906759,3390938.99568538
"ARTE",1954,7361.78911436361,38074.5649579148,2347986.88153943,2993532.58675265
"ARTE",1955,7509.66586266963,37442.6657020914,1684288.77543173,2569269.31761383
"ARTE",1956,7583.66028008302,36343.8993959993,1218995.6996875,2202037.41642774
"ARTE",1957,7691.27775512021,35312.2335628542,886025.620460881,1848557.0387894
"ARTE",1958,7793.07737027552,34420.6797986,643878.945041185,1538188.9616912
"ARTE",1959,7895.09059347381,33397.9957664304,466146.065180935,1231528.23505351
"ARTE",1960,7924.24544019096,32066.5362311807,335542.920184618,969501.163033939
"ARTE",1961,7937.6140785607,30531.992632285,240198.043406538,759163.170216937
"ARTE",1962,7855.30557308973,28978.9503011653,171444.026738657,573861.003199892
"ARTE",1963,7867.8320784148,27638.5198270614,122613.351525481,429070.974431575
"ARTE",1964,7880.5996230292,25877.4588367638,88450.7419508922,317081.473624033
"ARTE",1965,7901.25033365096,24158.4626910517,64839.7948906768,224506.206893493
"ARTE",1966,7867.18053751863,22679.6493316535,48642.1571265672,163233.900208349
"ARTE",1967,7813.50024283344,20945.026496544,37549.5202596844,116772.184523312
"ARTE",1968,7722.56321630653,19446.1479063543,29923.8260518042,84187.3591320527
"ARTE",1969,7674.73733690745,18041.8156975711,24637.4383513749,61902.3782847944
"ARTE",1970,7535.72568923467,16809.2591228292,20931.2730692151,48024.9372059418
"ARTE",1971,7355.30419067478,15501.8308008898,18301.2950193485,38946.0899734658
"ARTE",1972,7202.75654779029,14405.6749779897,16414.6875555764,32469.5844595115
"ARTE",1973,6998.58408063976,13436.5354545279,15051.42705896,28849.5609506917
"ARTE",1974,6780.35856081984,12619.427992443,14065.1133255158,26419.5477422622
"ARTE",1975,6505.40234035647,11991.1899321856,13357.2043699046,24946.3740167233
"ARTE",1976,6328.31855410853,11494.6070541553,12859.9530868828,24327.7132545499
"ARTE",1977,6048.58813764669,11098.956260985,12524.7313485794,23760.9025925683
"ARTE",1978,5794.03378166229,10752.8354420406,12313.9106226178,23202.9684318123
"ARTE",1979,5576.73267452421,10555.7297577437,12195.816884712,23280.9934735956
"ARTE",1980,5423.4434994371,10473.9251907163,12142.8866279038,23377.07885113
"ARTE",1981,5356.65554729985,10437.8409058218,12132.5532110211,23589.78831898
"ARTE",1982,5303.70397875843,10425.0533863272,12149.1389940724,23436.8068275575
"ARTE",1983,5333.2739580913,10467.4323885107,12184.536290571,23566.7888388588
"ARTE",1984,5365.84614894921,10531.8735298073,12236.5200276775,23959.1047385456
"ARTE",1985,5423.7847663258,10570.3387205812,12305.3139930724,24431.6837710743
"ARTE",1986,5490.70995753662,10632.3580226101,12390.0297702145,24505.3502036529
"ARTE",1987,5541.40626664415,10679.8834573267,12486.2785343225,24994.0457643383
"ARTE",1988,5649.3957170014,10682.4542467332,12585.3166810662,25251.1602385316
"ARTE",1989,5736.3858227032,10663.4525616999,12674.4182439631,25391.3868702638
"ARTE",1990,5799.44633091796,10688.049973566,12738.0442018701,25971.1503091747
"ARTE",1991,5846.07596645327,10701.8419704651,12759.5414188173,25848.6201953143
"ARTE",1992,5870.33406802363,10676.4506817147,12723.2239795523,25802.3615669155
"ARTE",1993,5873.46119995621,10634.6956720393,12616.6379018095,25533.1887221151
"ARTE",1994,5847.64280504869,10512.2992833703,12432.6507425314,25213.573705593
"ARTE",1995,5786.37901056469,10342.1697924691,12170.888514416,24489.6248334054
"ARTE",1996,5732.17275048981,10186.6128362452,11838.0917169876,23210.7465232159
"ARTE",1997,5702.46233767424,9974.18925914413,11447.2139706089,21870.9556388867
"ARTE",1998,5642.71086259543,9698.68284338586,11015.4527733645,20772.7452775322
"ARTE",1999,5571.02177294816,9462.77347882051,10561.716236247,19434.7101236705
"ARTE",2000,5438.93992444226,9178.78032161636,10104.1480115607,17955.6192300155
"ARTE",2001,5318.23815749361,8870.09770331108,9658.22037133314,16586.24103854
"ARTE",2002,5215.18931227273,8564.57556248638,9235.64725119279,15575.2601802115
"ARTE",2003,5054.8289226733,8281.24628319841,8844.10071008175,14609.1880825034
"ARTE",2004,4918.66835150113,7980.13696950775,8487.53761664052,13869.9487392856
"ARTE",2005,4786.56478664624,7694.92917609754,8166.88632374865,13281.6428125042
"ARTE",2006,4605.17604422324,7407.06152654199,7880.87402777642,12796.7448498789
"ARTE",2007,4416.48008035091,7158.53194198294,7626.84289441614,12471.0057976789
"ARTE",2008,4229.12526124296,6964.88590305212,7401.4670494925,12204.5517939762
"ARTE",2009,4064.56754174727,6763.27601987043,7201.32623778932,12005.6188146423
"ARTE",2010,3883.78669045259,6571.23249661594,7023.31679693517,11833.5368739511
"ARTE",2011,3703.38774468867,6420.77664977682,6864.89603812697,11752.3265692551
"ARTE",2012,3568.44557402686,6226.11158469363,6724.17041119252,11637.5957876572
"ARTE",2013,3434.26720039953,6100.66695850999,6599.85326807046,11561.7141290646
"ARTE",2014,3281.09918256893,5944.63282227844,6491.13146533283,11514.9574351115
"ARTE",2015,3120.48334155668,5831.70867382795,6397.48676502932,11597.2980475775
"ARTE",2016,3028.90824623991,5731.23693456264,6318.51588740454,11676.1095061157
"ARTE",2017,2898.36688089496,5657.06350492482,6253.78407370919,11823.3001388577
"ARTE",2018,2750.21867392999,5581.46498820432,6202.73551270023,11909.9529298189
"ARTE",2019,2629.2265664028,5504.51207041795,6164.6739800865,12148.4092955241
"ARTE",2020,2481.67725838163,5441.90108573194,6138.82037866729,12386.1756080975
"ARTE",2021,2333.66580071408,5392.04972374321,6124.45039055166,12678.8906179633
"ATPU",1950,325559.707834345,776496.850277078,1173487.75283766,3295281.38129985
"ATPU",1951,326843.911056354,767785.006269834,1130612.62085151,3134757.62590496
"ATPU",1952,332122.306924169,762222.972922941,1091583.35728117,2926215.14556887
"ATPU",1953,336493.365511987,753454.788675466,1055696.92765792,2806572.61905837
"ATPU",1954,337772.459320676,741699.730501946,1022271.83650887,2636891.87984134
"ATPU",1955,340235.467744494,734236.014110058,990677.307084715,2485969.45671474
"ATPU",1956,343942.30188592,722596.776470251,960360.129134085,2338845.65348352
"ATPU",1957,347191.884472309,714682.438744859,930868.594949692,2215047.65482451
"ATPU",1958,351778.897275218,701966.497603371,901871.737038987,2084954.37287575
"ATPU",1959,354317.686728192,692797.44874006,873171.416025319,1957281.49161992
"ATPU",1960,357041.785679025,681702.491941809,844704.943025824,1831132.66195376
"ATPU",1961,358631.889143788,670710.104659636,816536.889839392,1707485.7508257
"ATPU",1962,361304.159970564,659256.901108928,788840.319441034,1603215.5173489
"ATPU",1963,364780.47608817,648949.041413967,761869.426034847,1501685.40131991
"ATPU",1964,365807.274076505,636706.885836671,735927.00341258,1399053.92551828
"ATPU",1965,367737.255556783,627580.315197156,711330.864517285,1314005.6340179
"ATPU",1966,371989.080347413,615847.228390478,688383.163069826,1231530.57617577
"ATPU",1967,376045.06943774,606623.673823591,667345.651634552,1153912.75662371
"ATPU",1968,381030.548643702,597281.357113245,648422.583818972,1088377.76515958
"ATPU",1969,384977.568263394,589572.62299767,631751.620932833,1022060.57155188
"ATPU",1970,389106.516126866,581229.585786543,617402.0401359,965854.353023983
"ATPU",1971,395313.336301837,575936.340979004,605378.904874209,915115.808285854
"ATPU",1972,403404.594953118,571029.473288664,595631.630790386,864505.662016541
"ATPU",1973,413051.898550038,567193.570769213,588065.436726972,824147.264042576
"ATPU",1974,422112.800976015,566481.581202153,582554.354178967,793941.042482188
"ATPU",1975,430658.008225477,566635.803735817,578954.652769479,773183.306586575
"ATPU",1976,439284.292285383,566526.715308155,577117.661649407,751026.188966387
"ATPU",1977,448686.016718707,567258.561894054,576901.033525828,735004.159496257
"ATPU",1978,458890.442270033,570332.531271201,578177.564068855,720327.657773933
"ATPU",1979,467488.82091415,573612.741222339,580840.813423481,714360.831972516
"ATPU",1980,477674.237554075,577724.522093032,584807.025918011,709931.60751898
"ATPU",1981,487108.990810822,583742.230503818,590013.212449761,708199.199453789
"ATPU",1982,496688.738896561,591260.623647418,596411.705375272,712516.89075405
"ATPU",1983,506223.456417696,598613.228913511,603961.947695121,717551.235033443
"ATPU",1984,514770.375692975,607781.060124599,612620.664387464,727162.275205133
"ATPU",1985,523493.267995172,617427.918388651,622331.829951349,736273.294678516
"ATPU",1986,528730.815697795,627162.691957824,633017.963231105,751732.620681096
"ATPU",1987,535201.496128889,638586.428854158,644574.235576191,767420.399991747
"ATPU",1988,541562.793462189,650577.851996689,656866.662045824,787646.672238874
"ATPU",1989,548397.13374493,662868.763831848,669735.246251024,808149.115690308
"ATPU",1990,553676.563798344,674680.987219458,683002.36337957,830365.260272999
"ATPU",1991,561243.386478174,687323.044687111,696485.918968588,855074.725293964
"ATPU",1992,567072.417645473,700026.781641539,710015.993685416,878165.572604302
"ATPU",1993,574799.034784643,712634.187230371,723452.920303173,898833.0515597
"ATPU",1994,582765.461578614,725195.21519165,736704.22242318,919436.96072237
"ATPU",1995,592183.056999484,737215.219787171,749737.746083595,939765.213858614
"ATPU",1996,602185.95137106,750910.77485299,762588.724567709,958240.712861739
"ATPU",1997,613139.129694754,764283.859618608,775359.391140205,973348.08056115
"ATPU",1998,625930.737461403,777545.857624445,788210.916892839,984744.772592605
"ATPU",1999,639073.711738525,791704.888192024,801348.641716197,998712.117359581
"ATPU",2000,649725.126066241,806608.725422839,815002.530782376,1014734.97966
"ATPU",2001,662210.901839754,820470.370868543,829405.358851471,1029710.05193751
"ATPU",2002,674069.89629531,835919.803697315,844771.259180654,1049473.67659531
"ATPU",2003,684158.755682946,851558.318629187,861277.043569035,1072294.23655717
"ATPU",2004,695973.449611298,868992.31602551,879048.23230925,1096837.42744127
"ATPU",2005,706469.543131069,887301.819555533,898151.147705517,1125194.96183814
"ATPU",2006,717254.11450409,905712.953537116,918591.794261585,1159892.58654702
"ATPU",2007,727999.185094023,926415.899205534,940321.592200293,1194923.3457427
"ATPU",2008,738929.843478926,948428.248379881,963249.344645203,1238324.54727959
"ATPU",2009,749028.320745393,969875.361016278,987258.11780163,1283677.39194834
"ATPU",2010,761941.143631995,991431.691291393,1012225.06481618,1328622.3440151
"ATPU",2011,771533.869868652,1015708.60960888,1038041.74894881,1378760.6363134
"ATPU",2012,779218.464554301,1039055.9728253,1064632.36188733,1431003.8245625
"ATPU",2013,789964.780492817,1065014.5091257,1091967.49164823,1478724.60819778
"ATPU",2014,801426.108160306,1088484.68668421,1120071.77913579,1540002.33114709
"ATPU",2015,811455.269849652,1113943.08765486,1149024.79911697,1594247.682033
"ATPU",2016,818170.536704915,1139729.1297973,1178955.59613675,1654936.75303415
"ATPU",2017,826483.656741079,1166344.93588035,1210032.24678924,1714815.48164538
"ATPU",2018,833833.394723859,1194852.95495776,1242448.39255102,1794697.40556921
"ATPU",2019,841348.421985716,1223009.18795042,1276408.77456174,1867439.85891555
"ATPU",2020,846590.322198878,1252749.30150311,1312115.40826371,1959959.34951611
"ATPU",2021,852053.161830879,1285222.38380309,1349755.28677031,2048739.06113733
"BLGU",1950,158.516472006349,37494.2101393382,2849855702.86631,29089554.6341534
"BLGU",1951,178.860477559526,35467.4703892618,1372938494.87163,22180046.1576681
"BLGU",1952,201.77501510737,34445.2094334907,677075321.402455,17191945.834336
"BLGU",1953,229.073430247649,33331.9638446851,343341053.589225,13081324.1738913
"BLGU",1954,266.023109710009,31971.013037425,179609488.057451,9703720.56012983
"BLGU",1955,306.0048161787,30179.4237852832,97009178.0372525,7605769.76805242
"BLGU",1956,356.777906162308,28942.9128951063,53969824.6212932,5406708.31631431
"BLGU",1957,415.12802318362,27878.6503065994,30760294.878311,4072417.09339014
"BLGU",1958,478.961880886379,26722.3188958196,17829182.6509197,3197987.68445204
"BLGU",1959,540.785262048564,25854.1819889538,10428070.5801084,2585235.80934368
"BLGU",1960,618.513761784078,24395.0403479917,6113281.7943492,1970163.1459066
"BLGU",1961,732.817110623364,23094.5951081055,3574772.02802869,1476907.75423393
"BLGU",1962,837.433952136506,21445.1463910909,2080093.17391056,1092088.50733282
"BLGU",1963,991.436221301798,20241.568782411,1204704.46756759,811402.884862444
"BLGU",1964,1207.86368450978,18945.6868545449,696505.260556827,590321.264490651
"BLGU",1965,1416.10080346308,17602.5895816749,404264.640258096,432925.999800122
"BLGU",1966,1654.87996185106,16336.2703377159,237488.172185238,302407.954857285
"BLGU",1967,1934.02241437776,15369.2821489064,142652.3412779,209222.175360748
"BLGU",1968,2270.61143119228,14504.0009882052,88621.2091103947,154463.122458887
"BLGU",1969,2718.17884032413,13677.5615830773,57595.7754825796,117169.431398446
"BLGU",1970,3274.47453012903,13114.4589955885,39550.3646714408,86756.3244240925
"BLGU",1971,3909.39909122804,12628.3842323829,28889.6171798286,64455.4903030669
"BLGU",1972,4641.23298151797,12169.8099354058,22495.7528435026,48033.3242499675
"BLGU",1973,5420.88908740686,11885.438531433,18618.8128485821,38262.493961468
"BLGU",1974,6160.2464760887,11811.9602007475,16259.8151920334,31655.0783325142
"BLGU",1975,6868.61748320256,11819.9505425135,14832.8673163032,26905.8253708997
"BLGU",1976,7465.69874537448,11849.0720875517,13981.5405066544,23819.4428034113
"BLGU",1977,7896.46506815762,11926.9296599524,13479.7344183629,22179.0810288511
"BLGU",1978,8176.14752737896,12018.0049410686,13178.9257644025,21209.7841067834
"BLGU",1979,8255.80937497844,12061.5394495832,12980.8450461356,20249.891502811
"BLGU",1980,8325.18261861224,12089.5965601786,12823.5144821823,19573.10239624
"BLGU",1981,8241.0501655459,12047.323582536,12673.3533904462,19160.7308541238
"BLGU",1982,8199.05612307256,11999.9971922572,12519.125097667,18829.1108151928
"BLGU",1983,8179.9193185263,11928.0464425257,12365.8555679769,18238.4309926904
"BLGU",1984,8093.94236030657,11844.1690148196,12228.5616772294,17841.2835959601
"BLGU",1985,8036.44221464066,11752.2017171309,12126.4839884294,17486.1291795697
"BLGU",1986,8059.11799980903,11665.1352885353,12078.5618454484,17500.2043784019
"BLGU",1987,8053.92982763985,11657.5673823903,12100.4681795351,17595.8825102338
"BLGU",1988,8109.27604963389,11669.1135495342,12203.0593349029,18002.6597238158
"BLGU",1989,8214.82189415306,11753.4230832551,12391.8459336562,18519.1670325861
"BLGU",1990,8290.30506675416,11925.7482695563,12667.0886001357,18981.397682873
"BLGU",1991,8364.91410456786,12239.8616081392,13024.2683557366,19721.455953569
"BLGU",1992,8498.12346951686,12578.9114984682,13454.8494889555,20677.5936537603
"BLGU",1993,8718.60845483491,13048.7851710842,13947.3503997656,21682.3448958044
"BLGU",1994,8967.23151797972,13558.0739620189,14488.7270413137,22756.8096020589
"BLGU",1995,9331.63905925893,14120.2629264522,15065.9706573847,23613.2881101882
"BLGU",1996,9806.77195656008,14781.3136281923,15667.6867103691,24300.5175566976
"BLGU",1997,10399.0485303294,15456.4361006149,16285.3325706926,24741.2140200607
"BLGU",1998,11049.4329408437,16193.3589080813,16913.8045103075,25070.1364139079
"BLGU",1999,11848.7433017403,16896.9770021012,17551.1860239245,25288.6930717888
"BLGU",2000,12686.9722411616,17567.5608385916,18197.6535112551,25631.5612204595
"BLGU",2001,13545.3558634718,18320.7384360348,18853.7131137372,25884.2669105779
"BLGU",2002,14300.9619455949,19095.085498828,19518.062308215,26043.2199992992
"BLGU",2003,15121.9580189592,19787.9027227954,20185.4207214558,26256.7818589887
"BLGU",2004,15796.2620712397,20532.0582846877,20844.6819071018,26561.6198117107
"BLGU",2005,16363.5414848609,21237.8861141442,21477.7389450928,27360.2181367614
"BLGU",2006,16762.6888940814,21819.6584504932,22059.351810734,28059.0094214044
"BLGU",2007,17097.9878948624,22298.9461370169,22558.4310114157,28557.9744816354
"BLGU",2008,17423.1860856192,22685.8570861256,22941.0309654124,29238.0309490312
"BLGU",2009,17603.0015942179,22898.0323578897,23175.0622353554,29758.7396737084
"BLGU",2010,17629.1359832321,22881.4251013859,23236.1780844128,29920.3970837255
"BLGU",2011,17556.3337024524,22730.3223328294,23113.590966917,29568.1083178991
"BLGU",2012,17320.8185944981,22442.1000642664,22814.1043795237,29261.2572735303
"BLGU",2013,16935.6508315885,21973.2617822633,22362.8513897152,29014.7226734515
"BLGU",2014,16322.301254758,21225.2079660182,21800.238039778,28825.8576212951
"BLGU",2015,15408.8119574128,20468.3934402462,21175.9601227883,29204.3235977111
"BLGU",2016,14340.6772316947,19629.3162562483,20541.9427819675,29565.3011186555
"BLGU",2017,12938.3440545489,18787.0173002552,19946.1466316538,30369.6805557893
"BLGU",2018,11560.0270904141,18089.1019047267,19428.4922085126,31498.6077194961
"BLGU",2019,10293.5326416714,17306.1409449819,19019.1969604904,32949.7897127059
"BLGU",2020,9109.84776287861,16624.7661966718,18739.0968246247,34956.3042641089
"BLGU",2021,7957.93175325367,16027.0797547813,18601.2427629634,37085.8846354244
"BLKI",1950,19930.6490892606,184845.173645206,1075309.53446759,2670187.66836612
"BLKI",1951,21445.2352011124,183722.740491899,957426.415029216,2366911.22244908
"BLKI",1952,22961.6981919324,181619.87150325,857166.926003999,2106054.29878445
"BLKI",1953,24680.8231173319,181117.877449888,770805.856278458,1948979.50868856
"BLKI",1954,26730.1318183999,179978.276459336,695244.65308956,1762323.15741049
"BLKI",1955,29422.616837908,178802.669825975,628025.911281997,1609392.33696189
"BLKI",1956,31743.4149458058,178075.149764165,567308.399462896,1488577.21213411
"BLKI",1957,33900.8395758883,176028.559598065,511818.527819502,1352913.39065244
"BLKI",1958,36840.4296129528,173683.648883845,460780.277232115,1205095.56766557
"BLKI",1959,39843.5097034042,169694.919029099,413822.041126166,1091857.84025237
"BLKI",1960,42515.1355529384,167527.172582987,370862.830332588,976072.041121654
"BLKI",1961,46509.770128328,164916.769879614,331988.012767763,871241.2923508
"BLKI",1962,50435.4261104835,161922.154180347,297331.359994569,777087.755638908
"BLKI",1963,54067.7297219456,158630.726239059,266981.413924121,686840.051261834
"BLKI",1964,58205.8094410765,154788.041048366,240924.632126326,600542.796933708
"BLKI",1965,62779.3430002844,151690.84031755,219027.712659505,522628.731512691
"BLKI",1966,68026.5274606646,148185.452408934,201051.540455362,465912.668866423
"BLKI",1967,73200.6598064748,145529.628765031,186683.383092838,407237.60429795
"BLKI",1968,79008.1268726885,143240.587121599,175573.632158362,359383.498339961
"BLKI",1969,85497.9486341969,142097.81041268,167367.104435685,320879.582897629
"BLKI",1970,91884.7714940547,142719.423948094,161724.043108693,287287.030301011
"BLKI",1971,98375.470391581,143704.619212403,158330.330281618,263416.313095277
"BLKI",1972,104515.096260919,145870.015883657,156899.108337913,244590.955454901
"BLKI",1973,110799.592311057,148374.197576742,157167.104894087,232300.75286075
"BLKI",1974,117598.371490522,152002.063129212,158888.990025154,222114.489253772
"BLKI",1975,123911.559399196,156515.899942808,161832.545856859,216800.091805669
"BLKI",1976,130142.484711766,161938.566948383,165776.560791577,213191.08965323
"BLKI",1977,136060.19377983,167517.246452653,170512.28116549,214332.23670954
"BLKI",1978,141027.918500753,173732.048014264,175848.061401138,217990.973651549
"BLKI",1979,146183.246113789,180220.617743829,181615.742795086,222773.937946888
"BLKI",1980,152118.176470878,186238.762632254,187676.534683453,227996.267893847
"BLKI",1981,157626.353868288,192777.952781376,193924.009301833,235999.194383331
"BLKI",1982,162722.793193941,198429.550418911,200282.326372315,243697.177350762
"BLKI",1983,167933.493731351,204711.940651704,206698.831388112,250504.692861318
"BLKI",1984,173314.163764868,210580.033554975,213131.430564139,259391.340871705
"BLKI",1985,177925.36849944,216749.151519379,219532.334717047,269079.42451382
"BLKI",1986,181529.619482526,222710.512659295,225830.689672526,279978.080677052
"BLKI",1987,184285.088160058,228160.967869313,231917.204102748,291611.06379933
"BLKI",1988,186535.090835848,233317.277833372,237634.128026785,303454.790808171
"BLKI",1989,188137.199299097,237501.425519279,242773.747837363,314515.560193298
"BLKI",1990,188533.998602613,241086.545552883,247087.760706211,325366.888645755
"BLKI",1991,188147.950340729,243762.117614123,250308.264285735,333843.415357048
"BLKI",1992,187823.981872576,245088.130951986,252178.631022349,339956.543182643
"BLKI",1993,186792.326676812,245423.015929396,252489.642769278,342151.860340097
"BLKI",1994,184983.552510429,243966.963832228,251113.845136803,342353.042592409
"BLKI",1995,182813.663481259,240774.363970966,248030.264992401,337859.543948713
"BLKI",1996,180528.336177305,236317.774670804,243333.184194531,329532.896304319
"BLKI",1997,177326.404316881,230775.814747665,237222.419310527,317446.8513106
"BLKI",1998,174407.154589683,224142.538204603,229977.309677502,304605.415229498
"BLKI",1999,171087.645222416,217136.723429301,221920.611637942,288241.133869459
"BLKI",2000,167277.628150331,209076.43259646,213380.324380403,272399.841308655
"BLKI",2001,163243.728208836,200639.755773452,204656.749165421,257036.724934272
"BLKI",2002,159225.87887105,192757.096064754,195999.50929439,241770.748906154
"BLKI",2003,154971.228167269,184862.530678939,187596.089466378,227605.77316354
"BLKI",2004,150463.689432406,177306.651826702,179570.814095563,215286.88856141
"BLKI",2005,145256.672667859,170045.643159267,171991.641362514,204238.061884539
"BLKI",2006,140180.402222333,163256.912401566,164881.690996244,194709.823743378
"BLKI",2007,134819.26346651,156761.681848916,158232.700715975,184889.107122047
"BLKI",2008,130170.785524874,150624.828629028,152018.216578648,176805.045148048
"BLKI",2009,125892.020741927,145069.704178467,146204.984361788,169410.939870817
"BLKI",2010,121581.135097752,139852.181962928,140761.600657547,162592.882595885
"BLKI",2011,117428.445028087,134830.587609707,135663.99216975,156264.032525178
"BLKI",2012,113627.545707414,130140.019647008,130897.743430959,150615.099165175
"BLKI",2013,109884.295215661,125722.86861389,126457.690226371,145457.327429359
"BLKI",2014,105951.007475623,121678.19590511,122345.506681514,141127.518376878
"BLKI",2015,102123.822774538,117774.616950565,118566.191634563,137495.549496916
"BLKI",2016,97965.1712102844,114318.171376846,115124.376760147,134577.155775082
"BLKI",2017,93902.3095319249,111112.983973617,112021.247983886,133021.156641484
"BLKI",2018,89404.23426222,108286.944702064,109252.64425374,131836.179859573
"BLKI",2019,85185.1498305936,105645.644595118,106808.640758311,131947.841618446
"BLKI",2020,80903.1512231031,103172.129393162,104674.694945832,133268.421648967
"BLKI",2021,76873.121723037,101045.203543197,102834.269642429,135187.401218128
"COMU",1950,571429.929128736,13648845.4878508,21801258277.4869,2371565178.56866
"COMU",1951,554247.681243322,12117119.5387569,14210576875.2677,1816668965.64357
"COMU",1952,545855.395756457,10740883.5694112,9410762875.38218,1448450141.81719
"COMU",1953,538761.345261084,9435401.41228891,6302311853.28,1151148752.14275
"COMU",1954,555758.450987926,8653555.23738432,4234414196.82826,891264494.443691
"COMU",1955,544244.5718972,7769774.64701451,2823924312.75132,705268782.57987
"COMU",1956,516592.215779964,6878062.41456903,1846159347.9567,539511575.482951
"COMU",1957,509066.454291932,6113020.49148038,1168222455.18815,392219629.282085
"COMU",1958,502580.059027889,5458156.96439354,707550295.002945,286974594.162771
"COMU",1959,489711.450951938,4822100.44745379,406943012.582165,204063526.855153
"COMU",1960,471967.224584668,4202515.78047039,221639202.905278,142344660.995029
"COMU",1961,452275.964006064,3533917.34434815,114801163.84601,97295847.3922511
"COMU",1962,428074.500892407,3024565.9813368,57311406.2415325,64232807.6084924
"COMU",1963,427527.563676571,2547111.61499622,28253296.9153087,43779115.3358207
"COMU",1964,417380.57236761,2177466.61447607,14242475.9962489,28873251.7411524
"COMU",1965,413627.609630886,1864785.88729741,7641214.93517505,18895559.0464747
"COMU",1966,409701.08048852,1638293.9033075,4509389.94999901,12457646.0547114
"COMU",1967,393540.977817617,1434105.47950511,2968003.91212855,8691026.76060512
"COMU",1968,398753.506747149,1298250.89921932,2164392.2809928,6112873.13658307
"COMU",1969,401908.296830404,1190840.36209517,1718072.94657135,4685322.5790256
"COMU",1970,420694.486806286,1106200.54387162,1456594.70801551,3649136.14950926
"COMU",1971,442821.896698243,1047816.62403904,1298384.01312983,3001666.95721636
"COMU",1972,467383.666795718,1001313.9833879,1202371.54262196,2568272.75593454
"COMU",1973,484583.574628911,981351.719008869,1146235.61995602,2325024.96640143
"COMU",1974,503377.629980547,985032.964286744,1116728.96768265,2182194.54621098
"COMU",1975,506614.725516981,984118.384138052,1105218.01364382,2153684.07786826
"COMU",1976,509644.232345897,987531.219163865,1105583.87170628,2150348.36942106
"COMU",1977,505030.06458896,987117.838400662,1113261.86787225,2152492.65859424
"COMU",1978,500176.864276047,990330.383151244,1124851.80497562,2217721.87089274
"COMU",1979,499518.852009011,994506.154799412,1137997.04442982,2259519.13812529
"COMU",1980,496064.498263001,993439.532477782,1151347.90429659,2301144.71756787
"COMU",1981,494504.343914943,998014.877546698,1164494.89794664,2365968.74558074
"COMU",1982,493952.263681263,1013423.29833107,1177816.62705012,2392425.81842081
"COMU",1983,489154.3601007,1019144.73231186,1192239.39661401,2453308.13336044
"COMU",1984,490679.97650767,1021943.685058,1208941.41207696,2508555.07796968
"COMU",1985,494184.032369891,1030478.54319586,1229046.36464187,2606195.8786062
"COMU",1986,492668.536478474,1038323.18383788,1253341.68595168,2701717.01187389
"COMU",1987,492665.985523224,1048295.28749177,1282036.89907363,2843761.17958675
"COMU",1988,486180.305276857,1061718.83291863,1314562.10396393,2944425.13472751
"COMU",1989,488816.29431253,1073487.65979893,1349410.78220441,3065936.76447446
"COMU",1990,486287.385503604,1087594.26238048,1384066.4007057,3193091.65444984
"COMU",1991,481841.916962485,1095947.46175118,1415111.45023588,3302331.18365363
"COMU",1992,479425.089027421,1110240.55960049,1438649.01298753,3370693.44475753
"COMU",1993,480656.261486483,1118855.49459674,1451084.75136514,3375152.05508904
"COMU",1994,485013.306341551,1116854.04203509,1450095.45071792,3362818.87651678
"COMU",1995,488799.211954598,1119355.30297355,1435388.78848379,3302158.46695205
"COMU",1996,492911.470006064,1107313.9839896,1408869.60659022,3151229.31027885
"COMU",1997,501067.118816501,1101557.64162367,1374132.10767594,3015799.28824991
"COMU",1998,516870.128158756,1102771.93082389,1335562.41515352,2845556.50310709
"COMU",1999,533471.200285902,1094719.61892501,1297469.39471716,2628096.35088187
"COMU",2000,552584.163129538,1093573.99944565,1263516.04584149,2430253.13219857
"COMU",2001,569137.073200205,1090618.92816859,1236488.01574693,2321235.24809895
"COMU",2002,582585.787766322,1088434.99008142,1218292.20556179,2244516.99088597
"COMU",2003,591212.49460386,1093785.36138211,1210060.25219643,2216602.61703324
"COMU",2004,595289.273250104,1095191.01455299,1212276.0958369,2177543.69867051
"COMU",2005,590328.820125409,1095543.39963162,1224894.69228016,2214158.69587293
"COMU",2006,582599.249423843,1110787.78534793,1247449.27827001,2331507.28695204
"COMU",2007,567729.762151798,1121686.05448697,1279158.97811252,2472165.46699016
"COMU",2008,544266.479567389,1136964.68190987,1319051.89259831,2682774.20986779
"COMU",2009,524388.07980958,1147569.6230014,1366113.90022059,2976509.51787775
"COMU",2010,508617.217268131,1155144.16651768,1419462.81023531,3246939.67378804
"COMU",2011,494680.597485243,1162006.00761161,1478535.56971067,3548638.84695148
"COMU",2012,477756.892461542,1170983.10675549,1543268.10605306,3867899.86511404
"COMU",2013,462167.515805547,1182664.13208075,1614246.45670277,4227297.5642978
"COMU",2014,449019.836242841,1191751.65312907,1692814.08069987,4509770.66525806
"COMU",2015,438582.724801597,1204876.9296161,1781131.07853419,4860330.92977317
"COMU",2016,428030.062069168,1229626.99299332,1882193.28099714,5392224.64817826
"COMU",2017,419977.372547243,1254917.46394452,1999830.16949533,5955768.11135192
"COMU",2018,409664.388364347,1275809.36101782,2138708.54199644,6643476.40449437
"COMU",2019,404709.94925224,1315070.55510633,2304373.15027973,7399617.45387727
"COMU",2020,402310.330534669,1348300.81550104,2503357.33087276,8167922.53615834
"COMU",2021,400986.918407518,1391529.34894138,2743398.4628508,9056727.45388573
"COTE",1950,10329.3786805236,28882.2955956523,42154.0718808103,106998.755350352
"COTE",1951,10555.0312780731,28781.8950261164,41104.6863814097,102540.40248778
"COTE",1952,10792.7594586041,28638.5634477807,40135.7299713549,100055.207832652
"COTE",1953,10912.1793803368,28514.0574486822,39234.6882742591,95439.0287255099
"COTE",1954,11166.8545173916,28312.5359345059,38388.2416243316,91517.3759728713
"COTE",1955,11356.7532056276,28244.0522680949,37583.2783737175,88066.2877517817
"COTE",1956,11548.2570854523,28065.071948969,36807.8366633398,84416.5469304385
"COTE",1957,11796.86542149,27910.4025084816,36051.9609868558,81753.104948226
"COTE",1958,12000.9342278722,27777.2622139293,35308.417774446,77968.5233184167
"COTE",1959,12182.4238747646,27594.1772994848,34573.1924885555,75003.259810334
"COTE",1960,12390.60181144,27419.8034358082,33845.6955719566,71674.7686158897
"COTE",1961,12649.2295390609,27208.4854447335,33128.635118109,69304.1929697024
"COTE",1962,12827.0106013223,26999.3222082653,32427.5619328939,66760.4475987096
"COTE",1963,13128.3671127376,26877.1059266052,31750.1439577797,63391.3946505331
"COTE",1964,13453.6708687157,26669.8771367145,31105.2672705657,61426.068802255
"COTE",1965,13754.6477103043,26533.1747474697,30502.0798721539,58663.5454791792
"COTE",1966,14107.8477579652,26445.7589383148,29949.0896564337,56316.5290208341
"COTE",1967,14489.4578080381,26320.9992437304,29453.4043891219,53745.6967617296
"COTE",1968,14859.5292456206,26212.5282970438,29020.1687783124,51729.835295224
"COTE",1969,15130.9628980139,26137.285842183,28652.2216909616,49868.2158839326
"COTE",1970,15528.453964442,26135.1495416132,28349.9720220554,48104.8370809482
"COTE",1971,15871.4115572796,26067.7836944135,28111.4768544641,46305.8070105308
"COTE",1972,16325.59749364,25958.1602992948,27932.698494544,45666.6398333997
"COTE",1973,16652.5975366105,26115.1512813844,27807.9135332582,44286.5008389044
"COTE",1974,17163.2809153597,26172.7551645997,27730.2428303772,43408.3034142908
"COTE",1975,17405.3150548347,26281.6238765923,27692.2634383281,42655.3872620006
"COTE",1976,17600.2032822767,26410.0397194445,27686.6520127029,42082.8890489634
"COTE",1977,17918.4812131044,26588.6742115907,27706.7973754374,41684.9699688541
"COTE",1978,18276.5280680869,26691.1450464911,27747.3130094841,41385.5368786649
"COTE",1979,18496.362069006,26714.7839615995,27804.3839406445,40712.2394489969
"COTE",1980,18788.0826521092,26776.8508613396,27875.8998336791,40494.1840663905
"COTE",1981,19037.2721563752,26861.0445743655,27961.3559112362,40296.1921294989
"COTE",1982,19252.9797179472,27037.623878407,28061.5396255048,39974.1359684467
"COTE",1983,19475.030222358,27125.9807491798,28178.0554046307,39810.2350973332
"COTE",1984,19764.0030084983,27257.5174842036,28312.7644202042,40004.2503784007
"COTE",1985,20009.7195551353,27461.7752585255,28467.2267352049,40066.0412560151
"COTE",1986,20253.2507914395,27672.0423358145,28642.2292551912,40243.227047667
"COTE",1987,20432.5499877541,27892.07523508,28837.4676571851,40273.7747332551
"COTE",1988,20670.1206711579,28161.7412115191,29051.4279667602,40552.9958941917
"COTE",1989,20917.2425503483,28436.9521524462,29281.4869828101,40676.8949762299
"COTE",1990,21083.779804998,28699.8967620767,29524.2223243766,41187.8207862303
"COTE",1991,21246.954301212,28903.1352797057,29775.8940040647,41388.379016458
"COTE",1992,21476.4587085875,29166.4054019374,30033.0324285449,41729.8648851889
"COTE",1993,21711.0490299122,29491.5123733552,30293.0465175302,41959.6908171203
"COTE",1994,22089.4357691324,29766.9349085157,30554.7553324264,42060.763119785
"COTE",1995,22524.4514803373,30047.9786059855,30818.7517490703,41894.1034954487
"COTE",1996,22918.5651229462,30319.5634043467,31087.5289071414,41825.7374075514
"COTE",1997,23404.1418911144,30655.8619238977,31365.3364813476,41962.0550959497
"COTE",1998,23749.1709464716,31014.6666782198,31657.7769634971,41982.4978890461
"COTE",1999,24230.3160437681,31387.2510579066,31971.1927401631,41962.5066305596
"COTE",2000,24802.76733862,31768.6189215212,32311.9246107674,42194.0814905064
"COTE",2001,25331.3345343378,32119.887814756,32685.5372049662,42405.5086349762
"COTE",2002,25847.5856273605,32489.579450519,33096.1068583594,42638.3111196219
"COTE",2003,26380.5352728364,33009.4482139085,33545.6565190895,43064.0757652649
"COTE",2004,26723.4970634942,33523.8001114333,34033.8045927342,43636.1958165973
"COTE",2005,27135.6043448317,34065.6336191856,34557.6732420392,43930.1521238899
"COTE",2006,27570.0354336101,34582.7333178307,35112.0772128407,44711.0180023957
"COTE",2007,27757.1079342914,35089.9586694778,35689.9860356667,45696.252406667
"COTE",2008,28074.1022570185,35640.3355025075,36283.2203645923,46595.3737389317
"COTE",2009,28395.5506149655,36193.8965743086,36883.3098040044,47613.0886818857
"COTE",2010,28713.1097526278,36734.2544515894,37482.4107284354,48568.4543162124
"COTE",2011,29043.2241431316,37268.7374534304,38074.1662383935,49773.9386139228
"COTE",2012,29295.9810020194,37743.954150024,38654.3933987658,50721.542991325
"COTE",2013,29521.3089087022,38282.9164043852,39221.5076798525,52004.7757148607
"COTE",2014,29779.527162685,38806.311248068,39776.6370074418,53040.4153604839
"COTE",2015,29970.2510050492,39207.9636262247,40323.4282211059,54080.2235318416
"COTE",2016,30021.0012514206,39717.5725867606,40867.5946939683,55235.3863896259
"COTE",2017,30194.4176032613,40235.4742751989,41416.2846661232,56529.414992936
"COTE",2018,30180.4691401238,40672.057672885,41977.3595993198,57867.7828793464
"COTE",2019,30102.8407247002,41231.7318503812,42558.6605841944,59385.2092719237
"COTE",2020,30110.3081377191,41759.3425305691,43167.313498503,60898.6416772121
"COTE",2021,30069.0285985364,42279.0725928423,43809.0882936927,62442.1112596272
"DCCO",1950,3171.31139792784,11096.7674659696,24174.8704501253,51236.8563981986
"DCCO",1951,3363.2986904179,11242.8971591991,22285.9455525873,49102.9577834858
"DCCO",1952,3560.10913604325,11387.5819600588,20855.4735557727,47414.535338991
"DCCO",1953,3767.36026054129,11466.7689802669,19762.3235100806,46235.6402933323
"DCCO",1954,3971.81292744974,11605.3008913667,18916.6759464822,43855.2458278875
"DCCO",1955,4149.85862293963,11763.4012110561,18251.6235374559,42371.7364676205
"DCCO",1956,4325.94436209506,11914.0781685017,17717.3602555169,40837.6032585595
"DCCO",1957,4490.21161439841,12062.7700066978,17277.1028494721,39450.5469503571
"DCCO",1958,4715.8469104937,12293.4490170451,16904.1855462401,38356.0044393888
"DCCO",1959,4916.48812696532,12484.7991407957,16579.939668837,36153.8957506967
"DCCO",1960,5108.10532661528,12706.6798217622,16292.0800671048,35348.6553058127
"DCCO",1961,5390.41216818433,12865.2996493023,16033.4032717484,34568.6054399597
"DCCO",1962,5644.42210645982,13030.8504808661,15800.6717925137,33338.8602024506
"DCCO",1963,5913.69514703908,13168.9388006577,15593.6172571852,31923.8865004245
"DCCO",1964,6219.55242811601,13307.092768623,15414.0393821691,30744.6775205428
"DCCO",1965,6555.2191390372,13447.8436549159,15265.0052599796,29442.6851353327
"DCCO",1966,6895.29566298864,13546.800638319,15150.1642467417,28238.1917803752
"DCCO",1967,7228.45528967615,13711.05769369,15073.1915060555,27100.2710530465
"DCCO",1968,7682.86566839449,13901.6346951211,15037.3639429341,26156.2363792868
"DCCO",1969,8094.91679420537,14070.2282435501,15045.2618431174,25126.3515955677
"DCCO",1970,8527.6864372534,14246.9065780771,15098.5822478653,24474.9042623346
"DCCO",1971,8995.4354902787,14495.4461949456,15198.0476021131,23910.0982774776
"DCCO",1972,9491.02253659762,14724.1011664514,15343.3948577066,23483.391193043
"DCCO",1973,9878.72998050405,14985.9714823016,15533.4338809336,23143.7458196959
"DCCO",1974,10357.6149902301,15229.979465892,15766.1671311407,23000.3899193696
"DCCO",1975,10789.2669408339,15532.6465161311,16038.962964919,22764.0532321634
"DCCO",1976,11182.0183082708,15869.5122174079,16348.7714404337,22744.6246229552
"DCCO",1977,11625.6837464981,16261.5785885788,16692.3644884929,22941.2260831421
"DCCO",1978,12031.2575111774,16662.8385480844,17066.5737357935,23197.9796858844
"DCCO",1979,12479.4212322747,17143.71568852,17468.4923451534,23411.3516363601
"DCCO",1980,13031.4234122862,17568.971592135,17895.6055548435,23721.185902245
"DCCO",1981,13440.6282170667,18017.4609213311,18345.8207102315,24143.7148923846
"DCCO",1982,13861.3170844853,18535.9956261634,18817.3817895349,24614.6616067844
"DCCO",1983,14362.2351300301,19029.497821165,19308.6733918916,25099.8884829922
"DCCO",1984,14895.7820649697,19515.7437557864,19817.9406672,25585.7855636344
"DCCO",1985,15367.0788112853,20043.0597632791,20342.9701687483,26117.5070171894
"DCCO",1986,15833.0337001374,20611.8988087574,20880.7886125511,26590.6579922844
"DCCO",1987,16291.1283862873,21131.5416639395,21427.4401712157,27329.1714041276
"DCCO",1988,16776.0499647839,21708.2685227439,21977.8976553429,28131.121190127
"DCCO",1989,17322.821321542,22261.4182583733,22526.1488392788,28734.9115460049
"DCCO",1990,17750.755447723,22764.1380797014,23065.4767772974,29426.7132452732
"DCCO",1991,18264.3462909167,23266.1952699412,23588.923625595,30237.3944359909
"DCCO",1992,18671.4795199933,23715.0587314916,24089.8944380153,30844.3687195973
"DCCO",1993,19046.0254384479,24127.2546756466,24562.8262452322,31423.1354543408
"DCCO",1994,19476.335755116,24562.7236557383,25003.8259083886,31868.0876895535
"DCCO",1995,19926.7954895297,24953.2821835959,25411.1750109872,32256.218817077
"DCCO",1996,20317.4686372923,25367.4003029752,25785.615525991,32661.9363273346
"DCCO",1997,20735.2653204148,25729.6821209244,26130.3646857831,32873.0199939412
"DCCO",1998,21149.5386806602,26085.9503460298,26450.8538782608,32947.6125440863
"DCCO",1999,21603.8255436954,26418.3673046755,26754.2331450689,33124.2202212719
"DCCO",2000,22078.163260453,26751.9681613857,27048.718777801,33186.7341340339
"DCCO",2001,22507.8928189676,27085.199882028,27342.879442395,33196.7454642834
"DCCO",2002,22903.181232157,27396.1852842245,27644.9550215985,33182.6871348165
"DCCO",2003,23224.6895191755,27713.8946093,27962.2860181967,33435.3327031268
"DCCO",2004,23560.947078279,28041.0784830674,28300.9066403753,33865.3298120688
"DCCO",2005,23886.1875901769,28403.207448333,28665.3280485036,34417.4117609522
"DCCO",2006,24264.5026032572,28770.1139729263,29058.5139160849,34964.6716932463
"DCCO",2007,24597.0046578636,29181.8758086754,29482.030091865,35475.1566730411
"DCCO",2008,24866.7008880338,29653.7909179173,29936.3337052712,36065.6289804671
"DCCO",2009,25201.5074295164,30117.5396235315,30421.1542216034,36656.6366591774
"DCCO",2010,25574.4846299186,30585.2945630703,30935.9102408151,37244.1418516996
"DCCO",2011,25876.987145267,31121.5307152553,31480.1028218131,37932.0336679643
"DCCO",2012,26260.6625932007,31717.735122053,32053.6307377872,38794.2739539234
"DCCO",2013,26516.5791894074,32351.7476648647,32656.9863678849,39694.7489716422
"DCCO",2014,26682.3872350898,32972.7497978581,33291.3119588362,40788.8457170508
"DCCO",2015,26868.8525567081,33621.3724516,33958.321520387,41905.6228231483
"DCCO",2016,27133.8852981961,34320.599810287,34660.1188768651,43168.7559613428
"DCCO",2017,27325.1171475933,35040.3226841501,35398.9624696389,44736.2377273654
"DCCO",2018,27408.0639038838,35810.9136726657,36177.0387387934,46176.7995784605
"DCCO",2019,27377.8171647582,36604.8084082089,36996.3067525554,48010.4391002757
"DCCO",2020,27357.3187733453,37355.0997892869,37858.4679202916,50081.7650780153
"DCCO",2021,27221.4790975809,38220.2461288883,38765.0989990564,52396.3618975631
"GBBG",1950,39137.2449209271,313914.707856372,2970039.95260774,5103552.73571961
"GBBG",1951,39763.2941582772,303283.344375967,2501152.50283884,4551936.97368091
"GBBG",1952,40581.2605838163,292058.493886852,2117710.39113251,4001063.13839416
"GBBG",1953,41561.6296120323,283465.314866483,1801241.76170558,3555480.91842763
"GBBG",1954,43125.2063276448,275802.484703744,1537385.14745892,3145873.77112485
"GBBG",1955,43731.4092021017,265530.502890318,1315235.63592899,2854172.49651865
"GBBG",1956,45798.8395964544,254208.677172993,1126667.13411451,2574665.92394652
"GBBG",1957,46773.3522033338,246513.046018971,965699.049582837,2304466.77018248
"GBBG",1958,47358.211203725,239154.110987501,827934.504081108,2043712.88558453
"GBBG",1959,47929.4248345565,227823.054824974,710083.177836214,1779826.9114405
"GBBG",1960,48439.1556361102,215345.821354829,609578.204321876,1590888.63889605
"GBBG",1961,48316.3149284345,205534.109071799,524292.853907871,1431675.04356602
"GBBG",1962,48117.9427525796,194635.724075181,452355.066103479,1274831.0790646
"GBBG",1963,48194.627984029,184162.534125244,392047.475848152,1117924.93238126
"GBBG",1964,48279.8690417996,173904.804959034,341771.482625852,970078.168321623
"GBBG",1965,48333.7199755453,164786.046035243,300049.867240281,849011.244205665
"GBBG",1966,48106.7348227215,155372.227655042,265544.65304679,751811.528919827
"GBBG",1967,48440.8992865387,147001.419311983,237073.665471913,643983.109282869
"GBBG",1968,47714.8347564387,140816.372428745,213617.418930651,567807.41154903
"GBBG",1969,47625.0992719297,134152.755136531,194314.751552412,510926.171956425
"GBBG",1970,48481.2125972269,128126.150333741,178449.672336946,460022.120932644
"GBBG",1971,48409.9278297479,122715.611588654,165433.27668989,410312.643762433
"GBBG",1972,48743.5981883389,118648.345853956,154784.226345453,369512.790240875
"GBBG",1973,49142.2415022144,115370.932052871,146110.180505933,337294.576201722
"GBBG",1974,50130.493365762,112376.414876833,139091.406439859,311964.814495161
"GBBG",1975,51673.3533222985,110804.230118473,133466.915492796,288957.404126511
"GBBG",1976,53471.6774919322,109410.539431099,129022.926102942,268501.217573575
"GBBG",1977,55367.4872748709,108916.65646649,125583.188303924,252837.489417057
"GBBG",1978,57376.6839180898,108632.778647571,123000.628715953,240374.018555949
"GBBG",1979,59555.781715587,109205.453379447,121149.822966524,226028.551525669
"GBBG",1980,61840.6828878574,109487.156731124,119919.929868816,214726.699333835
"GBBG",1981,64008.1947501884,110351.402836709,119207.901902646,203489.824090518
"GBBG",1982,66401.7700376154,111742.346298594,118912.002455234,194953.556653646
"GBBG",1983,69190.5540484806,113525.81960143,118925.898054899,187586.143372026
"GBBG",1984,71319.2175957393,114720.929252107,119133.835753752,184174.608050448
"GBBG",1985,72527.9879326848,116252.905059434,119407.629913712,179022.831239511
"GBBG",1986,73070.6122267536,117207.230391347,119606.311982623,175301.518747203
"GBBG",1987,73622.8562427108,117772.768185054,119579.257201446,172252.98822449
"GBBG",1988,73635.6311873972,117364.056802058,119173.299566883,171290.398407585
"GBBG",1989,73586.977925467,116908.970485543,118243.720984627,168475.939651182
"GBBG",1990,73295.1698797104,115112.558197155,116668.089484443,167232.570923419
"GBBG",1991,72115.6131913848,112620.29190206,114360.910867685,164927.271375561
"GBBG",1992,70663.4728880721,109161.902201657,111286.279902044,160295.762864242
"GBBG",1993,68622.4914616647,105369.340188737,107465.552196936,153837.573644595
"GBBG",1994,66978.0206682033,101034.38248875,102977.759118651,146986.477075144
"GBBG",1995,65224.9606081587,96044.9680699152,97952.0019172419,138618.016441759
"GBBG",1996,63297.7240732132,90598.4178379142,92552.9684314959,129678.899025391
"GBBG",1997,60835.6083369194,85294.8748001566,86962.3695677661,120009.787372606
"GBBG",1998,58338.5772508752,80114.232220941,81359.9097662089,110209.201007431
"GBBG",1999,55913.5678208368,74372.7892560128,75907.1465380325,101057.656664141
"GBBG",2000,53230.8610906856,69365.1824157884,70736.4612030423,92930.3424397598
"GBBG",2001,50312.8959880029,64710.1552145004,65945.8616834083,86224.3208841822
"GBBG",2002,47451.0618237444,60425.2627871519,61599.0072958253,79665.9299324968
"GBBG",2003,44623.3141607647,56615.8720867434,57729.027280793,75092.0299659541
"GBBG",2004,41920.9345027087,53175.9412719757,54344.4672241061,71049.7193004019
"GBBG",2005,39427.22395246,50298.9084067261,51435.9006203505,68099.9670410775
"GBBG",2006,37184.0187673984,47864.105691396,48982.1668965611,65713.0877581575
"GBBG",2007,35412.624999938,45797.2911328524,46955.6497629859,63349.2705171052
"GBBG",2008,34229.7746336534,44063.6317768549,45326.3749463698,61222.3405560463
"GBBG",2009,33367.1583231704,42763.9225089529,44064.9442783745,59692.8632280915
"GBBG",2010,32986.5294490107,41755.5704099322,43144.4444637411,58577.9168909184
"GBBG",2011,32632.0010898293,41090.5650078105,42541.5071120413,57730.0400974477
"GBBG",2012,32401.8051017129,40677.3141369539,42236.6884434936,56978.6189601922
"GBBG",2013,32467.2024943248,40663.3034502977,42214.3126282156,57001.4549824192
"GBBG",2014,32490.0158268408,40889.3694710295,42461.9031349489,57289.4148668071
"GBBG",2015,32292.0194865373,41329.4881900664,42969.3251019852,58872.5019879112
"GBBG",2016,32041.0782508744,42157.5114024029,43727.7862850311,60788.1315213475
"GBBG",2017,31798.769010149,43013.1817937888,44728.897754814,63682.3702041002
"GBBG",2018,31386.1976993393,43926.2181265964,45964.0761960949,67634.4150304296
"GBBG",2019,31163.5696153906,44781.227487654,47424.6683262086,73102.6266471512
"GBBG",2020,30766.02724244,45572.1509085217,49103.2781334727,79530.2785979669
"GBBG",2021,30280.3580009693,46318.4482525921,50996.8615173434,87275.3696856432
"GRCO",1950,212.485080165419,1440.87139072875,30974.1717736894,16655.5781172208
"GRCO",1951,223.5333100118,1446.26336382101,28261.2421631116,15587.4926163128
"GRCO",1952,235.746075426664,1440.61983605476,25986.4885195472,14319.873769316
"GRCO",1953,243.730748227793,1447.44080576681,23956.0012667515,13292.4325803999
"GRCO",1954,255.503605935452,1451.66175522835,21995.8535180215,12575.6839628596
"GRCO",1955,267.919149102334,1453.09435019404,19969.5372915055,11898.7068192733
"GRCO",1956,281.813997169127,1449.7450423906,17797.6893306298,11153.2781224517
"GRCO",1957,290.149168722851,1447.53840470237,15473.6359175032,10288.3922864919
"GRCO",1958,308.863079620162,1463.46710610279,13065.2506731769,9578.17327359061
"GRCO",1959,321.21207098331,1460.15916187513,10696.4226289662,8914.57783589247
"GRCO",1960,338.875862788104,1447.58380487288,8510.37860272319,8212.82630493664
"GRCO",1961,351.500099543393,1433.26265967933,6627.44760633857,7452.63647766849
"GRCO",1962,370.12935463629,1430.42978565962,5114.12026741209,6846.12124460253
"GRCO",1963,389.034012444217,1425.36478783927,3974.51739761492,6325.52394226471
"GRCO",1964,412.002115145973,1411.15697291423,3163.43505074744,5782.32986496557
"GRCO",1965,433.325974170773,1393.67761542226,2610.43672877245,5298.87740879363
"GRCO",1966,453.98713995904,1386.00908069886,2242.67894930289,4856.97884561757
"GRCO",1967,476.666067353264,1372.30822318413,1999.143671992,4510.23093450786
"GRCO",1968,499.572169346578,1355.93237626854,1835.48038606483,4138.23383006399
"GRCO",1969,534.191627236582,1348.73921143137,1722.58882320352,3804.37203361495
"GRCO",1970,559.93897178856,1340.27510958795,1642.67214247453,3536.86906425928
"GRCO",1971,585.940029481721,1333.74466920592,1585.24911528816,3275.71503029038
"GRCO",1972,607.513897476836,1327.63324324987,1544.15081374771,3120.21977183815
"GRCO",1973,634.618528329347,1328.74405636349,1515.59994962199,3030.5282554909
"GRCO",1974,659.590026302857,1327.25240589678,1497.10761701187,2908.7229456661
"GRCO",1975,683.618495141174,1330.1973113817,1486.88475158384,2814.64117337643
"GRCO",1976,710.786834855214,1336.52246042163,1483.54410079504,2759.31634530436
"GRCO",1977,740.097475481472,1351.35631967317,1485.95527792879,2731.83551770969
"GRCO",1978,763.445855644333,1361.91386244386,1493.17703070302,2686.00719791945
"GRCO",1979,785.562854669591,1380.61584077759,1504.42668065003,2654.07948800227
"GRCO",1980,810.099409356704,1401.1761845462,1519.06497027222,2637.50337874219
"GRCO",1981,836.709358780674,1425.78261924231,1536.58310981305,2615.10718630478
"GRCO",1982,862.69667470839,1449.44544373599,1556.58325492042,2613.41566548665
"GRCO",1983,895.958513537836,1472.67577079841,1578.74740370019,2606.85034335086
"GRCO",1984,914.943428392751,1500.55233485936,1602.79412239109,2609.56430526105
"GRCO",1985,930.355180809434,1533.67950205162,1628.42717700661,2629.55116889067
"GRCO",1986,952.366958508243,1567.77179411991,1655.28379875089,2643.27931618277
"GRCO",1987,979.49937346468,1599.09819306263,1682.89194775508,2682.40610411652
"GRCO",1988,1000.57808045613,1618.34935925837,1710.64541901416,2688.19698072466
"GRCO",1989,1018.84780563877,1643.80293204426,1737.80345782893,2720.74817425837
"GRCO",1990,1030.9554658086,1668.69942195255,1763.51830053033,2758.34762276543
"GRCO",1991,1040.28894633491,1688.56860399692,1786.89005842182,2817.09285117861
"GRCO",1992,1053.25156577753,1718.0856309486,1807.0438172816,2837.22121812087
"GRCO",1993,1067.73700232704,1733.38111874994,1823.21916799893,2867.74758795829
"GRCO",1994,1074.09579900781,1746.48215075648,1834.8585396673,2873.12534367723
"GRCO",1995,1093.19940222929,1754.89701993648,1841.67895800512,2878.32179856774
"GRCO",1996,1109.42527851565,1763.64272364367,1843.7133226333,2849.53701332689
"GRCO",1997,1122.66544853042,1765.6431256996,1841.31228352051,2812.83847197061
"GRCO",1998,1141.39731458322,1765.573383832,1835.10535938504,2769.14480456903
"GRCO",1999,1157.52766445353,1760.03991390844,1825.9280679648,2709.42874201963
"GRCO",2000,1170.84618514032,1749.48840526642,1814.72819571378,2658.25917662096
"GRCO",2001,1174.59684342997,1744.03940582676,1802.46722683025,2597.97884893527
"GRCO",2002,1186.59514677549,1739.4170400724,1790.03197676691,2552.26982166181
"GRCO",2003,1195.1793613903,1721.95615432756,1778.16753852441,2501.6074248061
"GRCO",2004,1198.62066962324,1711.70543917465,1767.43738409181,2480.52215936724
"GRCO",2005,1200.27538907251,1708.41936295676,1758.21143847856,2455.80379505017
"GRCO",2006,1195.66709061608,1705.77296516398,1750.6791028073,2453.43367112262
"GRCO",2007,1191.8367241263,1697.40533791835,1744.88175075819,2443.41434849973
"GRCO",2008,1183.25002514625,1694.26637326922,1740.75789563779,2458.85868012342
"GRCO",2009,1181.72500894581,1691.54472069975,1738.19368417911,2473.61218610806
"GRCO",2010,1174.4223709865,1684.75040036197,1737.07146898883,2488.36215706609
"GRCO",2011,1168.87850717376,1681.46302179949,1737.31001109959,2508.12862611539
"GRCO",2012,1157.79654164611,1674.03631576128,1738.89147883652,2535.50160070035
"GRCO",2013,1150.40704443134,1667.4858422827,1741.87277623689,2565.6966509868
"GRCO",2014,1139.36164413115,1664.80489187843,1746.38150659104,2591.70634806101
"GRCO",2015,1129.86497236373,1659.26119751395,1752.59949876827,2626.01652325779
"GRCO",2016,1116.17605878656,1659.01953767699,1760.73874358058,2671.59175870885
"GRCO",2017,1092.21224885243,1658.54866662393,1771.01546982677,2737.79615066225
"GRCO",2018,1064.36760291005,1660.61312604348,1783.6279125936,2817.58558624308
"GRCO",2019,1038.27860434692,1664.72194978282,1798.74232632849,2885.04748095961
"GRCO",2020,1008.58572596956,1669.57553775209,1816.49033522499,2982.50014912305
"GRCO",2021,978.523972411974,1676.99150239142,1836.97918164295,3064.65914504186
"HERG",1950,56333.1782903003,190803.796126732,253334.399675104,621185.5858777
"HERG",1951,58689.9288522676,189920.643949433,245602.804350432,588615.037949469
"HERG",1952,60149.6201015454,188028.99861315,238542.277301214,557295.960165026
"HERG",1953,62448.1592837126,187065.102502299,232089.570764514,529087.692400496
"HERG",1954,64720.6601032698,186670.027694345,226185.145466885,505498.071441265
"HERG",1955,67188.2273060477,185720.180737577,220772.721522912,480637.6748967
"HERG",1956,69849.1739922693,184262.917970416,215799.725437612,462017.081102873
"HERG",1957,72256.109748908,183016.213462659,211218.24920295,441255.457350883
"HERG",1958,74650.2676762907,181356.365134761,206986.186502577,421455.204888008
"HERG",1959,76999.0590878549,180100.323547381,203068.261012147,405616.682230226
"HERG",1960,79574.4397133517,180108.586492323,199436.72169098,388549.241376727
"HERG",1961,82115.0531153739,178715.283256661,196071.551684967,371619.449932468
"HERG",1962,84817.4628252412,177872.914964928,192960.117165549,357989.083303898
"HERG",1963,87936.2383889154,176842.477839774,190096.262009715,344817.671300318
"HERG",1964,90329.0521624317,175540.113295657,187478.923712929,332437.236890743
"HERG",1965,93588.3904398948,173536.774734287,185110.396549888,318309.180161014
"HERG",1966,96359.6095123499,172576.999525276,182994.39485552,308192.409568234
"HERG",1967,100045.957148609,171798.634013034,181134.072613314,295223.909345481
"HERG",1968,103768.15763152,171694.417235267,179530.140137782,283049.447510157
"HERG",1969,107590.412609335,170988.971855333,178179.192024991,272463.439889163
"HERG",1970,111418.37125501,170538.06070438,177072.330449013,264075.999420699
"HERG",1971,115514.617171959,170604.704024468,176194.140159633,255493.111246466
"HERG",1972,119539.452439508,170121.650244027,175522.049031918,248194.498293487
"HERG",1973,123105.180602657,170023.773013031,175026.090541404,241405.452957083
"HERG",1974,127188.501703521,170363.760253781,174669.069816885,235515.689939483
"HERG",1975,130192.915929137,170861.730043429,174407.120133045,229571.509186678
"HERG",1976,132549.240657521,170869.083074857,174190.62009603,226063.942120448
"HERG",1977,134687.818674556,171106.327691642,173965.42383106,221556.864547129
"HERG",1978,136124.719476512,170862.642382939,173674.340160313,219044.224850263
"HERG",1979,136749.730193542,170568.370833675,173258.786556271,216999.211814311
"HERG",1980,136841.007957559,170412.280117354,172660.543668007,215553.74464792
"HERG",1981,136728.620709232,169808.83617143,171823.547859825,214722.179642364
"HERG",1982,135641.113833089,168830.568356195,170695.679555565,214169.737161882
"HERG",1983,133836.064184873,167266.144937371,169230.526899876,212268.837136257
"HERG",1984,131934.998363629,164974.86707155,167389.117406344,210858.56702348
"HERG",1985,129917.426769259,162614.271860653,165141.605772826,208825.805511114
"HERG",1986,127447.030593222,160127.597746104,162468.879520785,206179.295060617
"HERG",1987,124792.865651167,157457.989577407,159363.99879387,202778.719891934
"HERG",1988,122067.43958289,153955.139451837,155833.334145899,198815.043571915
"HERG",1989,118857.023288267,149839.722636363,151897.22439707,192982.550757299
"HERG",1990,115774.778710262,145239.341922864,147589.965160253,186762.45660479
"HERG",1991,112880.868569312,140719.858103145,142958.972126734,180656.776479659
"HERG",1992,109680.540236437,135809.53149712,138063.045306273,173016.788391812
"HERG",1993,106407.78493426,131003.483393054,132969.780151618,165395.847876007
"HERG",1994,103103.268828025,125881.754441344,127752.304320739,157896.055572743
"HERG",1995,99751.421935545,120949.880743661,122485.632987064,149935.267014925
"HERG",1996,96217.0167294113,116008.710110612,117243.001998177,142366.399917923
"HERG",1997,92449.9477577874,110983.858034684,112092.540012838,134748.537604492
"HERG",1998,89120.0621097681,106038.697786969,107094.578936629,128182.159664918
"HERG",1999,85422.3101136899,101465.506895163,102299.794075376,121987.366339646
"HERG",2000,81799.5911237395,97177.8634487529,97748.2387861952,115848.169523888
"HERG",2001,78214.1399077552,92899.6102716501,93469.2208925679,110499.850417382
"HERG",2002,74858.9864874855,89003.7867622353,89481.8802345658,105884.658071687
"HERG",2003,71403.3036920021,85408.0374746753,85796.2776903477,101664.533385847
"HERG",2004,68114.8600884316,82068.3161235548,82414.7943336508,98127.9600357011
"HERG",2005,65189.9030836196,79041.9285681195,79333.6563521145,94346.8883326421
"HERG",2006,62670.3954295247,76139.5835025604,76544.4354037175,91315.0817650986
"HERG",2007,60350.7370834484,73656.3100306058,74035.4145531728,88536.6297161431
"HERG",2008,58494.052525324,71355.7988129519,71792.7490874153,85951.1106479348
"HERG",2009,57179.4918189734,69361.8835321198,69801.3851460754,83619.1781101866
"HERG",2010,56106.0753511422,67513.4216831135,68045.7259878208,81403.6511889472
"HERG",2011,54976.4370175219,65964.2503330169,66510.0565880458,79763.6632206135
"HERG",2012,54112.2261124745,64597.3326694902,65178.7538114619,78205.7483320124
"HERG",2013,52886.5165986693,63371.4408758823,64036.3234514727,77109.7561297468
"HERG",2014,51415.8847732183,62379.382481303,63067.3184353448,76611.7788950768
"HERG",2015,49966.0734035257,61486.9005237403,62256.2052608339,76384.5481029421
"HERG",2016,48357.4753678921,60757.2925428771,61587.2582206227,77104.2090966975
"HERG",2017,46820.8057157161,59896.7515336505,61044.5721850195,78401.4819701986
"HERG",2018,45151.7805934318,59154.3009647585,60612.292666803,80417.2827784189
"HERG",2019,43326.7108921724,58342.2830143795,60275.163924624,82967.3066528339
"HERG",2020,41454.26240525,57473.9217973454,60019.4896037328,86067.5134816553
"HERG",2021,39652.564259497,56721.5971203003,59834.5857264718,89404.2251399553
"LESP",1950,533785.485755594,4667615.30645865,17406165.9254575,22243955.3917765
"LESP",1951,568747.564596657,4703649.9606231,13701116.8487483,21576153.1573512
"LESP",1952,613707.87218041,4740942.28001741,11303186.3826889,20823186.7443446
"LESP",1953,651534.547729266,4803934.33946951,9742214.91102721,20475045.9807823
"LESP",1954,706943.999665106,4825756.34458058,8718503.14088206,20053861.6149935
"LESP",1955,751353.09423917,4855241.85528082,8040725.01545984,19579504.2741896
"LESP",1956,806880.755204815,4926848.30071724,7586764.10875848,19005099.1801767
"LESP",1957,875429.761811611,5000089.42224931,7278725.69225079,18213059.0401419
"LESP",1958,937240.998907664,5086955.1638552,7066942.86622499,17672065.4861703
"LESP",1959,996548.23885508,5127382.3107698,6919762.61688732,17076172.906181
"LESP",1960,1075349.80051443,5191172.96819102,6817053.34823059,16836751.7431358
"LESP",1961,1161710.34987828,5215607.6004717,6746094.5927674,16534410.4975899
"LESP",1962,1248963.28318874,5279332.65359361,6698975.87731933,16269659.3538915
"LESP",1963,1330540.84814288,5338240.45117904,6670940.43373246,15919844.4225165
"LESP",1964,1428468.45271861,5437508.17960978,6659314.59103996,15459950.3256663
"LESP",1965,1566159.1451721,5528791.68489038,6662798.72734919,15130859.4715602
"LESP",1966,1699084.87445283,5624777.56173708,6680982.81787854,14788800.4685894
"LESP",1967,1872207.11056877,5756190.39827276,6714004.30427922,14512290.3481476
"LESP",1968,2050574.13300027,5873466.34280719,6762299.17139979,14257119.7090071
"LESP",1969,2237892.23895845,5996593.72941192,6826416.54194598,13980712.4698621
"LESP",1970,2446671.86709249,6154624.77978774,6906878.21952196,13855687.8585967
"LESP",1971,2670025.09033985,6312296.19898878,7004071.03127184,13735217.5825956
"LESP",1972,2897781.69248466,6433730.23681106,7118163.74412273,13591189.8468468
"LESP",1973,3149991.00485128,6590214.69577435,7249042.93189499,13498079.6741231
"LESP",1974,3443465.66766609,6751279.01797332,7396263.95734917,13345483.7333732
"LESP",1975,3704741.88230466,6970661.43208237,7559014.33634114,13235164.3759383
"LESP",1976,3971306.85866931,7161796.70152736,7736087.18802545,13230957.1740399
"LESP",1977,4242587.62004009,7392897.5279472,7925862.34401277,13309829.0488823
"LESP",1978,4505014.10098626,7614452.77359984,8126292.29217497,13447595.3030916
"LESP",1979,4811204.98573152,7839674.47415398,8334889.99509114,13494736.1904846
"LESP",1980,5000540.96058199,8050504.77129871,8548716.4090293,13654215.1626861
"LESP",1981,5139274.04931453,8292615.80895414,8764367.82650497,13755279.7245647
"LESP",1982,5265347.64562853,8546534.61573523,8977967.22387824,13923023.2229802
"LESP",1983,5410429.06464656,8797702.79904112,9185169.26136026,14154405.602782
"LESP",1984,5470038.68459774,9005645.41406888,9381194.3262605,14400389.7638607
"LESP",1985,5518026.27986566,9184866.31996945,9560911.13693109,14790934.771181
"LESP",1986,5570335.10075857,9358479.96733621,9718987.56157305,15197598.238696
"LESP",1987,5612559.5245815,9444764.93404523,9850123.22236953,15504569.8435456
"LESP",1988,5604421.16860839,9504817.21542231,9949363.99364569,15907312.5334815
"LESP",1989,5578759.02691936,9522696.8419864,10012478.6207518,16088957.3889856
"LESP",1990,5559102.2127739,9505501.90412919,10036355.1925932,16274509.9194241
"LESP",1991,5561114.87129444,9475991.01179499,10019356.5935077,16282879.9650899
"LESP",1992,5547870.32266583,9378321.34760143,9961566.96144692,16076521.3837987
"LESP",1993,5472494.53478099,9298264.69091801,9864871.38279739,15813590.0342912
"LESP",1994,5395712.79974411,9179453.39484076,9732839.18008761,15765968.5608393
"LESP",1995,5313056.35723024,9044619.944568,9570420.79683956,15467546.0628809
"LESP",1996,5213480.99873787,8860019.73867572,9383507.46388903,15042547.0804317
"LESP",1997,5116008.64627294,8680838.52629496,9178428.7685145,14732424.5659835
"LESP",1998,5041185.45638859,8487519.90555565,8961468.22291031,14423421.7899378
"LESP",1999,4935141.95659086,8310110.46612913,8738461.65111527,13950563.5879578
"LESP",2000,4841022.10766972,8084021.76223078,8514515.67140861,13466212.4918225
"LESP",2001,4704358.45223364,7906133.03209659,8293854.37695671,13184388.9424437
"LESP",2002,4519428.10845647,7684285.78934195,8079779.83602936,12825477.9153469
"LESP",2003,4315900.31538132,7507609.4489709,7874719.72651767,12608881.311737
"LESP",2004,4159857.74092094,7333753.62594269,7680332.37044761,12397474.696281
"LESP",2005,4011993.22400151,7165179.68888673,7497642.44350582,12159397.5866474
"LESP",2006,3856884.51025755,7008359.17175318,7327186.32984201,11993021.9124131
"LESP",2007,3688766.54704862,6839986.34889243,7169152.10067867,11814293.4607428
"LESP",2008,3568985.37083426,6698977.67436845,7023504.25708579,11607272.1338179
"LESP",2009,3461511.59271451,6532166.37416289,6890087.42384119,11532341.8632804
"LESP",2010,3375851.30896043,6426262.31610022,6768706.28999986,11358091.3808289
"LESP",2011,3305962.20913087,6302204.83409075,6659181.54396144,11291573.7352186
"LESP",2012,3265995.81484041,6160139.99056639,6561383.54964163,11225499.6008881
"LESP",2013,3218987.13372913,6037865.93427515,6475247.1352592,11177005.9773364
"LESP",2014,3173481.6817681,5927828.88499234,6400772.11836087,11156354.6410492
"LESP",2015,3094256.49635147,5843437.55504375,6338015.08730565,11161208.6094737
"LESP",2016,3046269.68691514,5772717.8249992,6287078.64491079,11250390.8678266
"LESP",2017,2934206.33061749,5691864.13979651,6248105.16911723,11307745.375654
"LESP",2018,2849392.65974334,5614203.90326656,6221283.83740782,11362773.5472303
"LESP",2019,2749567.93389604,5542979.56276503,6206883.19819067,11457471.0414352
"LESP",2020,2645522.1648982,5472285.22581131,6205328.23169435,11705841.1969391
"LESP",2021,2542082.36129014,5425063.43177874,6217352.1675798,12075725.7031472
"NOFU",1950,2.09707723839294,55.6261522659232,933.404757070721,1881.88383146713
"NOFU",1951,2.49893957021567,59.79881328878,829.366717868121,1792.68415788632
"NOFU",1952,3.04135425328681,63.3413358001776,742.150558460965,1706.31151931181
"NOFU",1953,3.57603939303674,67.8227765417503,668.023732046013,1615.5186077579
"NOFU",1954,4.32523636098118,70.7491169462925,603.863895039007,1526.16038323593
"NOFU",1955,5.20084698415371,74.193186885272,547.187143376645,1475.84756661989
"NOFU",1956,6.05984870155189,78.5884770048758,496.124303304979,1373.41868182979
"NOFU",1957,7.18170673401518,82.4948112754207,449.369904551862,1304.4409970821
"NOFU",1958,8.22237224902684,86.7137725917723,406.110837936111,1194.24311528069
"NOFU",1959,9.45026016040987,91.1541152935293,365.936119073502,1089.65991186212
"NOFU",1960,10.7805951132346,94.5425819705801,328.73111461861,1000.14474085821
"NOFU",1961,12.354014364188,96.6561906657861,294.564694238352,898.5204958154
"NOFU",1962,14.3465745180956,99.1647118511498,263.582120656476,808.909629176952
"NOFU",1963,16.6020784756641,100.808251166318,235.917226348205,706.783631667101
"NOFU",1964,19.0581412543851,101.712656799119,211.633628780165,625.351705066674
"NOFU",1965,21.661238224775,101.75894973581,190.697797753193,547.124000879069
"NOFU",1966,25.0008574212855,101.637100576426,172.979628617739,487.871850731195
"NOFU",1967,28.2761351369361,101.31236940886,158.271520698809,428.045426725309
"NOFU",1968,32.0338457568129,101.349484727304,146.315894056784,382.856036742819
"NOFU",1969,36.0201605967675,101.922618403123,136.832882969804,339.009347949761
"NOFU",1970,39.9378007801433,102.127265159004,129.543049596387,302.499566396335
"NOFU",1971,44.8821874908946,102.634251871958,124.18298631874,267.661802646194
"NOFU",1972,49.5589831916704,103.423604109241,120.513895863918,242.746144821946
"NOFU",1973,54.6867244933155,104.29320887707,118.324505918519,221.639066670477
"NOFU",1974,60.2928323840545,105.911283561939,117.430151428601,206.454994510504
"NOFU",1975,66.3672828772923,108.408622226502,117.669799519976,198.855235338539
"NOFU",1976,71.7219549355674,111.27675101943,118.902431505553,190.647396651974
"NOFU",1977,76.9324381847144,114.773664728483,121.003698048464,185.723053533432
"NOFU",1978,80.6008688358274,118.633606309198,123.863229545941,185.051333812008
"NOFU",1979,85.2127888239875,123.08100809601,127.382487750537,184.874532416827
"NOFU",1980,89.872904250701,127.766357387149,131.472661121792,185.092587507696
"NOFU",1981,94.2115784997937,132.478281987817,136.051913679888,189.831311650887
"NOFU",1982,98.1944338593706,138.010176025218,141.041352674919,194.374447760341
"NOFU",1983,103.068764737358,143.298733840091,146.359391312928,200.755474610677
"NOFU",1984,107.535109549357,148.447979572821,151.91469580084,206.595078788885
"NOFU",1985,111.98671678062,153.567734748719,157.598522090857,214.400908096363
"NOFU",1986,116.414712445656,158.770043941124,163.277845017183,222.463167300765
"NOFU",1987,120.062728490701,164.473000302499,168.791125993842,230.058051194958
"NOFU",1988,123.960613689307,168.801361634491,173.948700855822,237.880650712991
"NOFU",1989,127.010545299082,173.403691667481,178.539425761057,246.136507115368
"NOFU",1990,129.572555798996,177.262715951185,182.34425711652,251.329009923999
"NOFU",1991,131.845562669627,180.024273232617,185.155866162465,255.427348949208
"NOFU",1992,132.749271681689,181.54817395113,186.801483959143,257.459076935715
"NOFU",1993,133.094555776629,181.839679740498,187.16454654377,256.469508304452
"NOFU",1994,132.665768361382,181.518956046933,186.200129154011,253.351595914875
"NOFU",1995,130.922661986816,179.531294202825,183.940158303856,248.504374435767
"NOFU",1996,129.840442096086,176.798098242507,180.486869388063,242.199714172269
"NOFU",1997,127.583617695649,173.340297179728,175.996095714142,234.666486312695
"NOFU",1998,124.311313328168,168.500080319643,170.654528580613,226.028373711233
"NOFU",1999,120.453631342279,162.470427181057,164.656152227917,217.726408802673
"NOFU",2000,115.894582881244,155.754354246189,158.182448346914,208.086749066412
"NOFU",2001,110.738513486868,149.093021634206,151.389217218785,199.26432754209
"NOFU",2002,106.081724862968,142.117583450988,144.400813933776,189.560868019874
"NOFU",2003,100.899729101975,134.827995163126,137.310928914153,180.569275692843
"NOFU",2004,95.489558946415,127.806840505182,130.188052950349,173.094663379728
"NOFU",2005,89.7477137183206,121.031529439352,123.083427159468,164.219070875404
"NOFU",2006,84.0022765784949,113.904767030093,116.039401622496,155.119007201922
"NOFU",2007,78.8123388145405,106.998058132418,109.09652562797,147.213742473678
"NOFU",2008,73.0146330040266,100.145521167446,102.29824216494,138.907197930469
"NOFU",2009,67.4646429641331,93.5184549620098,95.6926822594219,130.810325371583
"NOFU",2010,62.1432913197014,87.2828783651393,89.3316791846435,123.508959053047
"NOFU",2011,56.8735715963129,81.0525818090138,83.2676568425603,116.659968030738
"NOFU",2012,51.4404170465887,74.9547747847612,77.5493910664695,112.148940103415
"NOFU",2013,45.6402971833302,69.452261347789,72.2177292802361,107.399966864949
"NOFU",2014,40.1301064448373,64.0425387049369,67.3021843644635,103.839344270527
"NOFU",2015,34.7813684698244,59.0574356702704,62.8189708507449,100.536932255696
"NOFU",2016,30.2670993572451,54.5106821060365,58.770649585149,99.589629490105
"NOFU",2017,25.659132999064,50.4256506619831,55.1472094968779,98.6993649323941
"NOFU",2018,21.8207739259568,46.7819184861355,51.9282135668103,99.1030581010412
"NOFU",2019,18.5000803553557,43.513741111243,49.0855810299204,99.1857952818137
"NOFU",2020,15.6240257876731,40.0009510450374,46.5866333974816,99.6478237723483
"NOFU",2021,13.1529015815874,37.1639267066782,44.3971444779637,99.6478927655369
"NOGA",1950,18052.5924136662,54002.4115550324,63637.0276907187,137698.141879028
"NOGA",1951,19442.3032535264,54642.7657592764,63146.3410448601,132223.78578368
"NOGA",1952,20925.7940756451,55336.4399221234,62751.6998655865,127747.937184396
"NOGA",1953,22358.0035704808,55797.9959693388,62445.2028213205,122771.465040113
"NOGA",1954,24270.340961815,56257.251117715,62217.224260952,118435.505479887
"NOGA",1955,26256.2266681092,56951.3545136142,62056.7324736678,114269.494409637
"NOGA",1956,28253.5452663433,57306.848362316,61951.7073245626,110204.158117634
"NOGA",1957,30550.5060516198,57758.285235666,61889.6542053613,106490.175788838
"NOGA",1958,32852.1743524433,58251.4753713792,61858.1979976049,102418.913010308
"NOGA",1959,34812.1014620518,58689.3301924102,61845.7263132167,98663.3728210304
"NOGA",1960,36967.4879838443,59233.8953709764,61842.0386293661,95216.003953303
"NOGA",1961,38618.5286446426,59523.0764360973,61838.9497830591,92484.9367439544
"NOGA",1962,40630.063563897,59637.6547392812,61830.794826479,89662.4057341799
"NOGA",1963,42255.651714148,59947.5018277886,61814.7886772293,87091.053501521
"NOGA",1964,43945.0013330982,60251.5757818938,61791.2081215016,84525.407947623
"NOGA",1965,45343.9663190492,60583.573923635,61763.3837356185,82483.6865624239
"NOGA",1966,46853.0764539853,60728.5523336007,61737.512002656,80188.8755196645
"NOGA",1967,48344.2633073327,60832.8301362339,61722.3194076883,78057.4828404506
"NOGA",1968,49872.3043196769,60952.8738555359,61728.6268584784,76048.0817584601
"NOGA",1969,51158.0272912035,61155.8377926553,61768.8717017268,74375.9476056149
"NOGA",1970,52510.0980347466,61299.9383053913,61856.6448070441,72784.1846733152
"NOGA",1971,53661.9126523605,61576.7075963222,62006.2923143907,71586.8669506125
"NOGA",1972,54929.9289989247,61858.3102588348,62232.6177108572,70618.8023922778
"NOGA",1973,56152.9572678106,62297.5936358067,62550.7026998948,69907.9387261548
"NOGA",1974,57110.3959443139,62747.8922197891,62975.8477054501,69628.5551822559
"NOGA",1975,58142.2438856407,63338.7680076941,63523.6172046631,69605.019800728
"NOGA",1976,59108.2327668892,64030.7395547074,64209.9630295162,69846.8009533178
"NOGA",1977,60079.9648488734,64890.4171431099,65051.3911096604,70594.0986312684
"NOGA",1978,61093.6293673497,65906.2086276557,66065.1338953524,71618.0911289147
"NOGA",1979,62233.4969419097,67146.7317344441,67269.2913855908,72855.8073441336
"NOGA",1980,63555.7274484425,68540.8094905652,68682.9074091119,74306.813418167
"NOGA",1981,65149.1168067698,70142.2078894993,70325.9535107845,76005.8577270102
"NOGA",1982,66993.1262658058,72041.7955798507,72219.1994469817,77973.5565240782
"NOGA",1983,69010.0682434734,74237.8003882781,74383.9560444471,80225.4132157357
"NOGA",1984,71345.5421016845,76734.6155720634,76841.6825018887,82697.1985633521
"NOGA",1985,74071.2393836509,79436.2728204873,79613.4559604672,85588.6525424317
"NOGA",1986,77151.7904518856,82578.6065829067,82719.3065154469,88864.4876119472
"NOGA",1987,80435.5935569853,85995.2154388889,86177.426149229,92437.2251890882
"NOGA",1988,83972.2472324967,89812.5995965743,90003.265685057,96508.1864786731
"NOGA",1989,87868.9972707567,94072.6012404921,94208.5399398248,101155.997105376
"NOGA",1990,92016.470755434,98693.7289875625,98800.1676422883,106054.303534162
"NOGA",1991,96573.403614865,103672.815211739,103779.178967574,111470.775697592
"NOGA",1992,101428.440920777,109042.163086686,109139.629232262,117515.403521254
"NOGA",1993,106619.216481742,114767.91216237,114867.562108258,123707.408497547
"NOGA",1994,112207.106239081,120834.180501224,120940.069813926,130445.201837694
"NOGA",1995,118103.545366064,127209.643512943,127324.501841037,137313.546272395
"NOGA",1996,124312.116430519,133809.374881798,133977.878947932,144293.642050855
"NOGA",1997,130858.521282048,140725.754078419,140846.576309335,151405.031605945
"NOGA",1998,137861.246800735,147693.832771671,147866.348865455,158812.333504532
"NOGA",1999,144680.212540603,154733.449153281,154962.781375552,166038.634043906
"NOGA",2000,151786.27312814,161835.436129871,162052.251617822,173072.311981328
"NOGA",2001,158888.507162778,168833.837285415,169043.49177553,179975.66279308
"NOGA",2002,165574.019172243,175646.418732395,175839.813563943,186861.026235117
"NOGA",2003,171909.389752739,182089.693673213,182342.02131007,193521.204983627
"NOGA",2004,178062.922802446,188181.261931151,188451.971621892,199893.354764498
"NOGA",2005,183612.633598624,193837.852551527,194076.651794249,205439.917290023
"NOGA",2006,188743.953475969,198886.673961247,199132.552001227,210370.529272765
"NOGA",2007,193246.631862861,203274.578486838,203550.015380429,214665.941403808
"NOGA",2008,197107.09020801,207142.021949808,207277.185726238,218226.615981925
"NOGA",2009,200145.270664411,210249.514527234,210283.153911998,220908.410613495
"NOGA",2010,202760.75857565,212513.000083653,212559.943738094,222743.048730759
"NOGA",2011,204795.533540907,214037.597098667,214123.076420036,223817.339981538
"NOGA",2012,206109.115131329,214978.91487441,215010.597534093,224133.359321466
"NOGA",2013,206745.557240093,215193.215320383,215280.616345637,223819.710514698
"NOGA",2014,206714.792185903,214976.417364665,215007.564326304,223525.976599191
"NOGA",2015,205650.268818399,214292.517812723,214277.498089571,222862.871284106
"NOGA",2016,204029.147527418,213240.078323902,213182.83147053,222269.069207396
"NOGA",2017,201416.435545049,211740.707232347,211816.874911442,222024.036472253
"NOGA",2018,198418.604169606,210231.544720818,210268.494580447,221873.949014375
"NOGA",2019,195040.913836157,208458.793865706,208617.096765476,222259.760280307
"NOGA",2020,191274.560479933,206697.389210321,206928.019263214,222648.644018974
"NOGA",2021,187601.212391244,205156.592620055,205248.296191211,222887.681531414
"RAZO",1950,20785.5116257268,91626.8755412726,385384.868219915,682871.63995679
"RAZO",1951,21055.0003512155,86581.6075156111,294404.757666547,583171.48742418
"RAZO",1952,21373.0350047177,81244.2129323833,231131.673500199,517702.587132452
"RAZO",1953,21553.8854292768,76141.6566775875,186250.799698075,451843.99099798
"RAZO",1954,21634.5161042786,71549.1439525968,153656.373667345,386581.331473748
"RAZO",1955,21845.2784783377,67113.0583479853,129330.053720541,337111.929674999
"RAZO",1956,21775.4824387098,62903.7639880081,110621.330503605,287556.566797659
"RAZO",1957,21791.7986863026,58290.7612264757,95781.5452636627,247498.17501805
"RAZO",1958,21337.1733655428,54378.9183116323,83659.6859365264,212196.0950214
"RAZO",1959,20772.3751815675,50415.9200190912,73501.9923019276,186163.247544882
"RAZO",1960,20393.1899397021,46555.1475633189,64818.4250661316,159040.70407082
"RAZO",1961,19734.2350844354,42901.6191456813,57292.5024452378,135358.966930585
"RAZO",1962,19008.0979373191,39294.996737463,50719.7250019768,112396.125120079
"RAZO",1963,18238.6831563011,36050.7893702371,44965.3954778465,95730.5171858583
"RAZO",1964,17489.208267636,32877.5168591882,39936.082687606,82077.9047589929
"RAZO",1965,16570.1018586571,30131.6004497169,35560.9737416467,69885.7811373539
"RAZO",1966,15810.396741112,27584.4452563754,31780.447330053,60171.9096716582
"RAZO",1967,15083.7543344541,25362.411680881,28539.7975442945,50945.2394309003
"RAZO",1968,14378.2941100306,23400.1123938843,25786.4262476651,43844.7128102748
"RAZO",1969,13874.3727861519,21705.9823737313,23469.1567624595,37994.1583557136
"RAZO",1970,13491.6432647522,20305.3306874334,21538.6544600178,33483.6046333996
"RAZO",1971,13076.7620590253,19044.7415793569,19948.2619024281,29583.6128933205
"RAZO",1972,12847.700592021,18007.8861346683,18654.8380964208,26550.7057753822
"RAZO",1973,12590.0182186952,17121.9064805935,17619.409305299,24084.1821895213
"RAZO",1974,12458.6756006634,16453.1793743806,16807.5843857419,22237.4798737327
"RAZO",1975,12463.0600493845,15928.0652249849,16189.7668193547,20830.5748169691
"RAZO",1976,12425.0192577694,15512.9661503654,15741.2231866706,19655.6639238757
"RAZO",1977,12410.9198427205,15274.389750709,15442.061427179,18941.6604813708
"RAZO",1978,12434.4513480598,15138.4010653404,15277.1485937775,18596.4590830095
"RAZO",1979,12503.7592422274,15104.1042693252,15235.9707090075,18466.4131439136
"RAZO",1980,12585.8697491151,15157.6212294745,15312.4164696967,18475.1114883739
"RAZO",1981,12739.8150377611,15330.5964539144,15504.4570149867,18755.317991481
"RAZO",1982,12974.919885252,15630.1314419527,15813.6962089316,19101.0320235327
"RAZO",1983,13310.526089761,16063.7513027263,16244.7765702825,19590.7389133208
"RAZO",1984,13726.8102234564,16659.7464467608,16804.6401349477,20206.0099066821
"RAZO",1985,14289.213397868,17362.9937978554,17501.6574079942,21052.346008806
"RAZO",1986,14972.3322805003,18194.3424241828,18344.6508283024,22081.3923292747
"RAZO",1987,15789.0044983723,19187.6440665756,19341.8548730539,23275.7953489408
"RAZO",1988,16708.9914732596,20342.1361522783,20499.876664386,24705.1381456807
"RAZO",1989,17785.6622575914,21646.5663399898,21822.7485749846,26372.2251338603
"RAZO",1990,19037.9713542967,23102.0872474512,23311.190782426,28177.3202229095
"RAZO",1991,20346.8200438155,24801.5189873049,24962.2132608553,30151.1846996404
"RAZO",1992,21813.7896893769,26566.9159570017,26769.1678936288,32348.8303914977
"RAZO",1993,23439.1059400041,28488.6993599503,28722.303484472,34769.8201650976
"RAZO",1994,25294.4870292935,30532.0180914365,30809.785183906,37220.7690792152
"RAZO",1995,27181.8907137244,32764.9110985774,33019.0375133265,39726.026665621
"RAZO",1996,29255.9822070023,35092.1935626849,35338.1886586448,42282.6728327422
"RAZO",1997,31421.3229875364,37475.2937047788,37757.3609481147,44844.7750326824
"RAZO",1998,33872.4653057084,40031.6849777445,40269.5796477012,47404.3114246675
"RAZO",1999,36371.2570469356,42592.6106036168,42871.1498101284,50032.4197882681
"RAZO",2000,38787.4529295503,45326.4684470734,45561.4551070146,53075.9843918054
"RAZO",2001,41405.3135579387,48173.0099015286,48342.2375539551,56031.9274652164
"RAZO",2002,44037.3845639181,51113.8822160137,51216.504760441,59312.7632879165
"RAZO",2003,46671.174134358,54084.0058249683,54187.274022468,62894.8507540539
"RAZO",2004,49316.0119892361,57002.8093663362,57256.398759972,66325.3173832906
"RAZO",2005,51930.1199381507,60093.7723302957,60423.7313008201,70242.2570562462
"RAZO",2006,54597.9792816133,63290.7112159406,63686.8522588432,74398.9753928135
"RAZO",2007,57160.7587754589,66626.6881091459,67041.5337917349,78706.2174968729
"RAZO",2008,59886.9901242084,70003.4334771089,70482.9979919538,82962.266141549
"RAZO",2009,62701.4648247871,73305.1335382472,74007.8892918931,87351.1854629668
"RAZO",2010,65462.8444999787,76938.7145803244,77616.7237758529,91589.4922494959
"RAZO",2011,68272.5895632934,80691.0535924862,81316.4461522792,96168.5111493209
"RAZO",2012,70930.1131514609,84342.695692901,85122.6588743355,101460.792886433
"RAZO",2013,73396.9362464516,88235.9921671586,89061.1175546829,107155.486535579
"RAZO",2014,75521.9601303705,92224.0445577585,93168.2153201995,114003.630802042
"RAZO",2015,77224.1494065924,96378.8084924728,97490.3770978137,121237.111088591
"RAZO",2016,78675.1280087869,100446.294101762,102082.501798158,129868.702144186
"RAZO",2017,80198.2186225855,104980.349675995,107005.772256234,139843.132943973
"RAZO",2018,81384.4592011042,109855.327359898,112325.262565278,150646.666788908
"RAZO",2019,82427.7451365699,115048.995846512,118107.798900648,162989.124654531
"RAZO",2020,83163.624293199,120499.500969881,124420.484840574,176504.813615021
"RAZO",2021,84049.9923021852,126648.471337162,131330.211784804,192892.751503339
"ROST",1950,0.549587378190366,28.2152578779095,207104.508271611,732.996833687057
"ROST",1951,0.577392209283861,28.4430326040677,129808.601102184,690.54133223283
"ROST",1952,0.57895825260818,28.4218319694919,81956.683516663,627.126313433136
"ROST",1953,0.614220873190073,28.5372778258269,52184.0592053498,597.585620853762
"ROST",1954,0.670040963385366,28.7442437690905,33556.5674338382,566.686490781683
"ROST",1955,0.731722839023217,28.8176298841242,21831.7921289274,518.054891225075
"ROST",1956,0.768351910185379,28.9687176004282,14402.856607956,485.200629217911
"ROST",1957,0.829439940622097,29.1732452715587,9659.80795644058,456.196592996656
"ROST",1958,0.876445643055571,29.2986314071713,6603.45762634233,435.692862071264
"ROST",1959,0.965938302042252,29.4404645130233,4611.04133148831,415.564516097855
"ROST",1960,1.05921894933048,29.6209581005501,3293.14767170372,387.589574936238
"ROST",1961,1.16498819236385,29.7805743171604,2405.71724790692,367.090218809221
"ROST",1962,1.31408431935115,29.8611907072046,1795.50508420502,353.285834053882
"ROST",1963,1.45749368328734,30.0712126480478,1366.06944032227,326.696578947074
"ROST",1964,1.59402366390739,30.4223937734346,1056.48136450508,312.30265505961
"ROST",1965,1.87036298694828,30.5633880413238,827.98903973728,297.040673359836
"ROST",1966,2.18266181595451,30.9845862772295,655.685440490939,277.742719408926
"ROST",1967,2.5432673211736,31.3489047835716,523.326738121784,271.490653535414
"ROST",1968,2.89807712759141,31.8414007102521,420.126768451622,259.441470105241
"ROST",1969,3.37066380253355,31.9334913014529,338.778619539736,246.127275620428
"ROST",1970,3.81476626238241,32.2685204494018,274.226463750602,238.194509947953
"ROST",1971,4.33009996764406,32.8854783912334,222.888140648141,235.3608049239
"ROST",1972,4.9909360415416,33.1905803570968,182.146947615936,220.631721623854
"ROST",1973,5.59827803377011,33.5451846236192,150.009523602739,210.312543357391
"ROST",1974,6.33765346675868,33.8225374328548,124.876293471915,205.095633417856
"ROST",1975,6.93299340697405,34.2725186669629,105.398093742308,187.502863000023
"ROST",1976,7.49428047343222,34.3172045023337,90.4026643471648,177.544659989082
"ROST",1977,8.02982196770728,34.4853090854555,78.873459844489,170.212738819613
"ROST",1978,8.7541337818949,34.4768015814446,69.9577130477683,162.797565916357
"ROST",1979,9.62254242416593,34.6589792543991,62.9785196147498,151.918998183135
"ROST",1980,10.3085839554439,34.8724336759423,57.4319756621534,142.570643461591
"ROST",1981,11.2030945990004,34.8310245199759,52.9636732487105,128.319687569664
"ROST",1982,12.0096114480557,35.0044852271151,49.3317414021176,117.507916045883
"ROST",1983,12.7443718768673,34.7805954319675,46.3689793561067,108.296317795983
"ROST",1984,13.5342980478066,34.7495897842266,43.9535300509226,97.645859205656
"ROST",1985,14.2865195620899,34.6782010005362,41.9907911641037,88.4361024188254
"ROST",1986,14.78373740641,34.6139053486309,40.4041602817225,80.4772231594739
"ROST",1987,15.4820552229359,34.4441087641605,39.1306990661485,75.5439724699325
"ROST",1988,16.3213874394912,34.3025511109046,38.1187503183346,71.2382626713486
"ROST",1989,16.9376804574177,34.3490348555176,37.3260795447714,66.4869280091157
"ROST",1990,17.6619528029952,34.2238981173565,36.7181691823401,63.2999552832444
"ROST",1991,18.4483584896064,34.0085544594073,36.2667166202813,60.5708128579042
"ROST",1992,18.9635299710952,33.9450600241892,35.9484298477103,58.5645189519818
"ROST",1993,19.7004688591364,33.9718842318724,35.7441317577434,56.5204547746075
"ROST",1994,20.4315222568619,33.978313490049,35.6381067717459,55.0600491936757
"ROST",1995,21.0592812811384,34.1262083165409,35.617587067833,53.9187868708341
"ROST",1996,21.7136918366578,34.3525614531606,35.6722751349468,53.1370121489296
"ROST",1997,22.4808192053966,34.6197051093407,35.7938210212375,52.645485723982
"ROST",1998,23.2199598113694,34.8646217818902,35.9752052524248,52.1177123469802
"ROST",1999,23.977247941412,35.2090333030211,36.2100145111834,51.7115781442844
"ROST",2000,24.7656146202022,35.7258957276699,36.4916327814238,51.3102810560552
"ROST",2001,25.6155933220467,36.1238451175735,36.8124048141812,50.616202185483
"ROST",2002,26.2149973645696,36.5259600116304,37.1628623240179,50.7750314133439
"ROST",2003,26.7672687755209,36.9966064082792,37.5311360639127,50.6956160587298
"ROST",2004,27.1934973020479,37.3136962839737,37.9027034257939,51.0563400473292
"ROST",2005,27.4110930626692,37.4871129059958,38.2606274301222,51.7704538673265
"ROST",2006,27.4991103478917,37.7590135609719,38.5864072024849,52.2804478161474
"ROST",2007,27.6489482141149,37.9307276861888,38.8614622176311,53.1930127887013
"ROST",2008,27.3868869724939,38.0316932588558,39.0691121782197,53.7532442633705
"ROST",2009,27.1836337973006,38.121583640532,39.1967282602113,54.1980532564081
"ROST",2010,27.0307189898988,38.1825025089961,39.2375943620599,54.6763141118244
"ROST",2011,26.6577218514736,38.1499696160541,39.1920109403801,55.0183769655365
"ROST",2012,26.3542622218986,37.9457482211038,39.0673357956918,54.992921060525
"ROST",2013,25.7775908996939,37.6399690514037,38.8769398218991,55.5254987630704
"ROST",2014,25.1053414258112,37.4292204722079,38.6383467405434,55.7759090654932
"ROST",2015,24.5774174257734,37.082342736661,38.3710053240384,56.2119057345048
"ROST",2016,23.7158718211322,36.7402416942116,38.0941550192962,56.8107985181033
"ROST",2017,22.3150921942565,36.2511380321186,37.8251202582991,57.4646874750565
"ROST",2018,21.033247907548,35.9347142289588,37.5781854013754,58.0877892882921
"ROST",2019,19.8421699021767,35.6707552111133,37.3640393960159,59.1133233768433
"ROST",2020,18.3333844457686,35.4170437038822,37.1896787139093,60.6704725369657
"ROST",2021,16.7837795239773,35.1074392070438,37.0586222774524,62.3885228384031
"TBMU",1950,617.041381893589,6704.90601872232,21640.0429734125,32004.9468736183
"TBMU",1951,682.759517793583,6739.47558592937,19638.387657048,31029.2083377751
"TBMU",1952,737.846299660184,6810.20592456407,17971.1019303713,30159.7062189787
"TBMU",1953,791.59950097838,6816.37006890475,16567.1785348213,29153.333184097
"TBMU",1954,864.228157353671,6890.80249727137,15369.186931313,28535.4093092324
"TBMU",1955,957.747877614343,6909.501997752,14332.1417715566,27601.4622777828
"TBMU",1956,1041.8657385345,6940.97324019705,13422.0365109839,26744.3397114839
"TBMU",1957,1132.93298032375,6972.54230740174,12614.2196670957,25879.8557074927
"TBMU",1958,1249.71157840012,6980.1138237676,11891.6675709729,25103.0766340384
"TBMU",1959,1360.03425683819,7008.49837194379,11243.197807955,24118.4970609933
"TBMU",1960,1469.50645089481,7056.1556168945,10661.7142363226,22911.4591500344
"TBMU",1961,1607.11787911352,7132.80025815905,10142.6204454488,21945.9865311141
"TBMU",1962,1747.71970613745,7101.02175930826,9682.54243054199,21069.1002667552
"TBMU",1963,1920.20333237931,7110.75982189811,9278.45147789672,20369.1657360128
"TBMU",1964,2090.8513866855,7104.95238960407,8927.19443273301,19223.1666880427
"TBMU",1965,2269.73368658545,7131.72669693862,8625.35716140876,18194.7419744069
"TBMU",1966,2472.99609826627,7137.28599492862,8369.33946879264,17286.8537334414
"TBMU",1967,2695.84874410975,7135.16323318994,8155.51676748147,16068.0380116176
"TBMU",1968,2930.85674415935,7143.53418344621,7980.39492213905,15249.9530324033
"TBMU",1969,3168.85320661754,7139.01435024388,7840.70900394099,14527.6077655529
"TBMU",1970,3436.36871491483,7140.2381052389,7733.45561672874,13847.7604947827
"TBMU",1971,3723.36121945424,7147.11342888683,7655.87269204997,13306.199419727
"TBMU",1972,3977.72253452406,7154.00462213409,7605.3899193258,12768.0644553405
"TBMU",1973,4234.51782664065,7187.15064963816,7579.57190703805,12407.1577127542
"TBMU",1974,4504.32819677163,7205.4561871105,7576.07011193674,11947.913936553
"TBMU",1975,4748.28112761029,7246.79291732579,7592.59231407251,11683.6485092786
"TBMU",1976,4965.67569907783,7291.18382976265,7626.8917914811,11471.0844062132
"TBMU",1977,5183.63515423343,7358.73867813297,7676.77289191017,11262.4642857825
"TBMU",1978,5352.12144707433,7442.15026276609,7740.10550029868,11102.0539969736
"TBMU",1979,5423.69397453456,7540.54265809346,7814.83818977857,11095.9624095755
"TBMU",1980,5516.45170231979,7641.56770879522,7898.99911635391,11195.4398558053
"TBMU",1981,5560.63076854276,7754.33201753875,7990.67546934231,11257.7349005281
"TBMU",1982,5594.45286641035,7837.38866796033,8087.96661049842,11336.9819293737
"TBMU",1983,5613.67122397009,7912.33114232158,8188.91235996249,11479.7508457201
"TBMU",1984,5663.43981362804,8010.41141016161,8291.40507925976,11683.0482219501
"TBMU",1985,5740.86758103395,8087.40472930527,8393.10087651252,12031.2145431893
"TBMU",1986,5757.2235128392,8135.92354673834,8491.35011210167,12284.3928212085
"TBMU",1987,5802.41988394263,8187.39785687215,8583.16932091313,12421.0289311917
"TBMU",1988,5822.49574573032,8242.069625276,8665.27476850022,12711.3970662973
"TBMU",1989,5862.05793809075,8267.357789941,8734.19137782642,12894.8148538744
"TBMU",1990,5857.08984128055,8303.11557878283,8786.43941832263,12971.626735966
"TBMU",1991,5842.93854670647,8327.0548715183,8818.7859351361,13132.333007258
"TBMU",1992,5835.44664270544,8328.06197200936,8828.53094256305,13145.5728404359
"TBMU",1993,5835.24206833687,8294.91060482393,8813.78428587269,13231.4025829185
"TBMU",1994,5803.80886130165,8252.84411064592,8773.68301337314,13193.0155308084
"TBMU",1995,5773.53976609908,8210.90177751152,8708.50504794701,13104.2458690245
"TBMU",1996,5773.38257654636,8135.18522153698,8619.65323687471,12894.7122824127
"TBMU",1997,5733.65777724901,8062.83822575157,8509.51012347841,12666.5003713594
"TBMU",1998,5649.39732849941,7956.93698268619,8381.19021997439,12380.0654905397
"TBMU",1999,5615.70011005087,7854.03007384138,8238.23516577106,12081.7871697494
"TBMU",2000,5545.95655871559,7742.33319999147,8084.30315932787,11703.8899057876
"TBMU",2001,5510.73054531427,7643.96511527506,7922.89756739162,11346.9966569062
"TBMU",2002,5471.49956208312,7495.15990902111,7757.16477928297,10967.2836344348
"TBMU",2003,5389.53750145955,7353.46343663775,7589.77386646803,10652.8488697407
"TBMU",2004,5325.02416773235,7221.59107854496,7422.87518786381,10386.6238207082
"TBMU",2005,5217.13805957895,7074.60726086567,7258.12430792158,10101.6971803533
"TBMU",2006,5122.6951151486,6895.93434398125,7096.75189585463,9907.06517754954
"TBMU",2007,5026.44695159888,6716.95093608464,6939.65879280211,9728.64232341898
"TBMU",2008,4916.13483711531,6547.98782015132,6787.51693915559,9576.9236941947
"TBMU",2009,4764.793132223,6384.31403167878,6640.86029959274,9481.9321831322
"TBMU",2010,4625.52733073378,6233.68815553537,6500.15457049616,9427.89110942148
"TBMU",2011,4471.33755366532,6084.064295015,6365.83973009145,9348.51444945223
"TBMU",2012,4300.68576487686,5940.39507078784,6238.34480083777,9313.55544710938
"TBMU",2013,4094.94776275075,5811.9398505851,6118.07886199486,9331.59109209905
"TBMU",2014,3863.93960596228,5695.0741224252,6005.40573810793,9322.65140020912
"TBMU",2015,3584.47330666156,5592.75165336699,5900.61148993795,9344.35256529276
"TBMU",2016,3335.30828319263,5506.25940926744,5803.87381407904,9426.39132134008
"TBMU",2017,3117.53272528941,5433.61376531941,5715.24103768385,9452.13022093772
"TBMU",2018,2863.05906700303,5346.60770625573,5634.62609533685,9458.88817630845
"TBMU",2019,2654.83468628544,5286.20781530635,5561.81822181153,9520.55644289481
"TBMU",2020,2435.18967698359,5205.11000796332,5496.51250364218,9557.95625356655
"TBMU",2021,2222.50305654037,5154.45804829003,5438.35522735773,9606.37357841106
